episode,frame,source,feature_group,truth,prediction
1925,26,gt,joint_position,free_pre,free_pre
1925,27,gt,joint_position,free_pre,free_pre
1925,28,gt,joint_position,free_pre,free_pre
1925,29,gt,joint_position,free_pre,contact_manipulation
1925,30,gt,joint_position,free_pre,contact_manipulation
1925,31,gt,joint_position,free_pre,contact_manipulation
1925,32,gt,joint_position,free_pre,contact_manipulation
1925,33,gt,joint_position,free_pre,contact_manipulation
1925,34,gt,joint_position,free_pre,contact_manipulation
1925,35,gt,joint_position,free_pre,contact_manipulation
1925,36,gt,joint_position,free_pre,contact_manipulation
1925,37,gt,joint_position,free_pre,contact_manipulation
1925,38,gt,joint_position,free_pre,contact_manipulation
1925,39,gt,joint_position,free_pre,contact_manipulation
1925,57,gt,joint_position,terminal_approach,contact_manipulation
1925,58,gt,joint_position,terminal_approach,contact_manipulation
1925,59,gt,joint_position,terminal_approach,contact_manipulation
1925,60,gt,joint_position,terminal_approach,contact_manipulation
1925,61,gt,joint_position,terminal_approach,contact_manipulation
1925,62,gt,joint_position,terminal_approach,contact_manipulation
1925,63,gt,joint_position,terminal_approach,contact_manipulation
1925,64,gt,joint_position,terminal_approach,contact_manipulation
1925,65,gt,joint_position,terminal_approach,contact_manipulation
1925,66,gt,joint_position,terminal_approach,contact_manipulation
1925,67,gt,joint_position,terminal_approach,contact_manipulation
1925,68,gt,joint_position,terminal_approach,contact_manipulation
1925,69,gt,joint_position,terminal_approach,contact_manipulation
1925,70,gt,joint_position,terminal_approach,contact_manipulation
1925,74,gt,joint_position,terminal_approach,contact_manipulation
1925,75,gt,joint_position,terminal_approach,contact_manipulation
1925,76,gt,joint_position,terminal_approach,contact_manipulation
1925,77,gt,joint_position,terminal_approach,contact_manipulation
1925,98,gt,joint_position,contact_manipulation,contact_manipulation
1925,99,gt,joint_position,contact_manipulation,contact_manipulation
1925,100,gt,joint_position,contact_manipulation,contact_manipulation
1925,101,gt,joint_position,contact_manipulation,contact_manipulation
1925,102,gt,joint_position,contact_manipulation,contact_manipulation
1925,103,gt,joint_position,contact_manipulation,contact_manipulation
1925,104,gt,joint_position,contact_manipulation,contact_manipulation
1925,105,gt,joint_position,contact_manipulation,contact_manipulation
1925,106,gt,joint_position,contact_manipulation,contact_manipulation
1925,107,gt,joint_position,contact_manipulation,contact_manipulation
1925,117,gt,joint_position,contact_manipulation,contact_manipulation
1925,118,gt,joint_position,contact_manipulation,contact_manipulation
1925,122,gt,joint_position,contact_manipulation,contact_manipulation
1925,123,gt,joint_position,contact_manipulation,contact_manipulation
1925,124,gt,joint_position,contact_manipulation,contact_manipulation
1925,125,gt,joint_position,contact_manipulation,contact_manipulation
1925,137,gt,joint_position,stable_transport,contact_manipulation
1925,138,gt,joint_position,stable_transport,contact_manipulation
1925,139,gt,joint_position,stable_transport,contact_manipulation
1925,140,gt,joint_position,stable_transport,contact_manipulation
1925,141,gt,joint_position,stable_transport,contact_manipulation
1925,142,gt,joint_position,stable_transport,contact_manipulation
1925,146,gt,joint_position,stable_transport,contact_manipulation
1925,147,gt,joint_position,stable_transport,contact_manipulation
1925,148,gt,joint_position,stable_transport,contact_manipulation
1925,149,gt,joint_position,stable_transport,contact_manipulation
1925,150,gt,joint_position,stable_transport,contact_manipulation
1925,151,gt,joint_position,stable_transport,contact_manipulation
1925,152,gt,joint_position,stable_transport,contact_manipulation
1925,153,gt,joint_position,stable_transport,contact_manipulation
1925,154,gt,joint_position,stable_transport,placement_release
1925,155,gt,joint_position,stable_transport,placement_release
1925,156,gt,joint_position,stable_transport,placement_release
1925,157,gt,joint_position,stable_transport,placement_release
1925,158,gt,joint_position,stable_transport,placement_release
1925,159,gt,joint_position,stable_transport,placement_release
1925,160,gt,joint_position,stable_transport,placement_release
1925,161,gt,joint_position,stable_transport,placement_release
1925,162,gt,joint_position,stable_transport,placement_release
1925,163,gt,joint_position,stable_transport,placement_release
1925,164,gt,joint_position,stable_transport,placement_release
1925,165,gt,joint_position,stable_transport,placement_release
1925,166,gt,joint_position,stable_transport,placement_release
1925,170,gt,joint_position,stable_transport,placement_release
1925,171,gt,joint_position,stable_transport,placement_release
1925,172,gt,joint_position,stable_transport,placement_release
1925,173,gt,joint_position,stable_transport,placement_release
1925,174,gt,joint_position,stable_transport,placement_release
1925,175,gt,joint_position,stable_transport,placement_release
1925,176,gt,joint_position,stable_transport,placement_release
1925,177,gt,joint_position,stable_transport,placement_release
16001,26,gt,joint_position,free_pre,placement_release
16001,27,gt,joint_position,free_pre,placement_release
16001,28,gt,joint_position,free_pre,placement_release
16001,29,gt,joint_position,free_pre,placement_release
16001,30,gt,joint_position,free_pre,placement_release
16001,31,gt,joint_position,free_pre,placement_release
16001,50,gt,joint_position,terminal_approach,contact_manipulation
16001,51,gt,joint_position,terminal_approach,contact_manipulation
16001,52,gt,joint_position,terminal_approach,contact_manipulation
16001,53,gt,joint_position,terminal_approach,contact_manipulation
16001,54,gt,joint_position,terminal_approach,contact_manipulation
16001,55,gt,joint_position,terminal_approach,contact_manipulation
16001,56,gt,joint_position,terminal_approach,contact_manipulation
16001,57,gt,joint_position,terminal_approach,contact_manipulation
16001,58,gt,joint_position,terminal_approach,contact_manipulation
16001,59,gt,joint_position,terminal_approach,contact_manipulation
16001,60,gt,joint_position,terminal_approach,contact_manipulation
16001,61,gt,joint_position,terminal_approach,contact_manipulation
16001,87,gt,joint_position,contact_manipulation,contact_manipulation
16001,88,gt,joint_position,contact_manipulation,contact_manipulation
16001,89,gt,joint_position,contact_manipulation,contact_manipulation
16001,90,gt,joint_position,contact_manipulation,contact_manipulation
16001,91,gt,joint_position,contact_manipulation,contact_manipulation
16001,92,gt,joint_position,contact_manipulation,contact_manipulation
16001,93,gt,joint_position,contact_manipulation,contact_manipulation
16001,94,gt,joint_position,contact_manipulation,contact_manipulation
16001,98,gt,joint_position,contact_manipulation,contact_manipulation
16001,99,gt,joint_position,contact_manipulation,contact_manipulation
16001,100,gt,joint_position,contact_manipulation,contact_manipulation
16001,101,gt,joint_position,contact_manipulation,contact_manipulation
16001,102,gt,joint_position,contact_manipulation,contact_manipulation
16001,103,gt,joint_position,contact_manipulation,contact_manipulation
16001,104,gt,joint_position,contact_manipulation,contact_manipulation
16001,105,gt,joint_position,contact_manipulation,contact_manipulation
16001,106,gt,joint_position,contact_manipulation,contact_manipulation
16001,107,gt,joint_position,contact_manipulation,contact_manipulation
16001,108,gt,joint_position,contact_manipulation,contact_manipulation
16001,109,gt,joint_position,contact_manipulation,contact_manipulation
16001,110,gt,joint_position,contact_manipulation,contact_manipulation
16001,111,gt,joint_position,contact_manipulation,terminal_approach
16001,112,gt,joint_position,contact_manipulation,terminal_approach
16001,113,gt,joint_position,contact_manipulation,terminal_approach
16001,114,gt,joint_position,contact_manipulation,terminal_approach
16001,115,gt,joint_position,contact_manipulation,terminal_approach
16001,116,gt,joint_position,contact_manipulation,terminal_approach
16001,117,gt,joint_position,contact_manipulation,terminal_approach
16001,118,gt,joint_position,contact_manipulation,terminal_approach
16001,122,gt,joint_position,contact_manipulation,terminal_approach
16001,123,gt,joint_position,contact_manipulation,terminal_approach
16001,124,gt,joint_position,contact_manipulation,terminal_approach
16001,125,gt,joint_position,contact_manipulation,terminal_approach
16001,126,gt,joint_position,contact_manipulation,terminal_approach
16001,127,gt,joint_position,contact_manipulation,terminal_approach
16001,128,gt,joint_position,contact_manipulation,terminal_approach
16001,129,gt,joint_position,contact_manipulation,terminal_approach
16001,130,gt,joint_position,contact_manipulation,terminal_approach
16001,131,gt,joint_position,contact_manipulation,terminal_approach
16001,132,gt,joint_position,contact_manipulation,terminal_approach
16001,133,gt,joint_position,contact_manipulation,terminal_approach
16001,134,gt,joint_position,contact_manipulation,terminal_approach
16001,135,gt,joint_position,contact_manipulation,terminal_approach
16001,136,gt,joint_position,contact_manipulation,terminal_approach
16001,137,gt,joint_position,contact_manipulation,terminal_approach
16001,138,gt,joint_position,contact_manipulation,terminal_approach
16001,139,gt,joint_position,contact_manipulation,terminal_approach
16001,140,gt,joint_position,contact_manipulation,terminal_approach
16001,141,gt,joint_position,contact_manipulation,terminal_approach
16001,142,gt,joint_position,contact_manipulation,terminal_approach
16001,146,gt,joint_position,contact_manipulation,terminal_approach
16001,147,gt,joint_position,contact_manipulation,terminal_approach
16001,163,gt,joint_position,placement_release,terminal_approach
16001,164,gt,joint_position,placement_release,terminal_approach
16001,165,gt,joint_position,placement_release,terminal_approach
16001,166,gt,joint_position,placement_release,terminal_approach
16001,170,gt,joint_position,placement_release,terminal_approach
16001,171,gt,joint_position,placement_release,terminal_approach
16001,172,gt,joint_position,placement_release,terminal_approach
16001,173,gt,joint_position,placement_release,terminal_approach
16001,174,gt,joint_position,placement_release,terminal_approach
16001,175,gt,joint_position,placement_release,terminal_approach
16001,176,gt,joint_position,placement_release,terminal_approach
16001,177,gt,joint_position,placement_release,terminal_approach
16001,178,gt,joint_position,placement_release,terminal_approach
16001,179,gt,joint_position,placement_release,terminal_approach
16001,189,gt,joint_position,placement_release,terminal_approach
16001,190,gt,joint_position,placement_release,terminal_approach
50458,26,gt,joint_position,free_pre,free_pre
50458,27,gt,joint_position,free_pre,free_pre
50458,28,gt,joint_position,free_pre,free_pre
50458,29,gt,joint_position,free_pre,free_pre
50458,30,gt,joint_position,free_pre,free_pre
50458,31,gt,joint_position,free_pre,free_pre
50458,32,gt,joint_position,free_pre,free_pre
50458,33,gt,joint_position,free_pre,free_pre
50458,34,gt,joint_position,free_pre,free_pre
50458,35,gt,joint_position,free_pre,free_pre
50458,53,gt,joint_position,terminal_approach,contact_manipulation
50458,54,gt,joint_position,terminal_approach,contact_manipulation
50458,55,gt,joint_position,terminal_approach,contact_manipulation
50458,56,gt,joint_position,terminal_approach,contact_manipulation
50458,57,gt,joint_position,terminal_approach,contact_manipulation
50458,58,gt,joint_position,terminal_approach,contact_manipulation
50458,59,gt,joint_position,terminal_approach,contact_manipulation
50458,60,gt,joint_position,terminal_approach,contact_manipulation
50458,61,gt,joint_position,terminal_approach,contact_manipulation
50458,62,gt,joint_position,terminal_approach,contact_manipulation
50458,63,gt,joint_position,terminal_approach,contact_manipulation
50458,75,gt,joint_position,contact_manipulation,contact_manipulation
50458,76,gt,joint_position,contact_manipulation,contact_manipulation
50458,77,gt,joint_position,contact_manipulation,contact_manipulation
50458,78,gt,joint_position,contact_manipulation,contact_manipulation
50458,79,gt,joint_position,contact_manipulation,contact_manipulation
50458,80,gt,joint_position,contact_manipulation,contact_manipulation
50458,81,gt,joint_position,contact_manipulation,contact_manipulation
50458,82,gt,joint_position,contact_manipulation,contact_manipulation
50458,83,gt,joint_position,contact_manipulation,contact_manipulation
50458,84,gt,joint_position,contact_manipulation,contact_manipulation
50458,85,gt,joint_position,contact_manipulation,contact_manipulation
50458,86,gt,joint_position,contact_manipulation,contact_manipulation
50458,87,gt,joint_position,contact_manipulation,contact_manipulation
50458,88,gt,joint_position,contact_manipulation,contact_manipulation
50458,89,gt,joint_position,contact_manipulation,contact_manipulation
50458,90,gt,joint_position,contact_manipulation,contact_manipulation
50458,91,gt,joint_position,contact_manipulation,contact_manipulation
50458,92,gt,joint_position,contact_manipulation,contact_manipulation
50458,93,gt,joint_position,contact_manipulation,contact_manipulation
50458,94,gt,joint_position,contact_manipulation,contact_manipulation
50458,98,gt,joint_position,contact_manipulation,contact_manipulation
50458,99,gt,joint_position,contact_manipulation,contact_manipulation
50458,100,gt,joint_position,contact_manipulation,contact_manipulation
50458,101,gt,joint_position,contact_manipulation,contact_manipulation
50458,102,gt,joint_position,contact_manipulation,contact_manipulation
50458,103,gt,joint_position,contact_manipulation,contact_manipulation
50458,104,gt,joint_position,contact_manipulation,contact_manipulation
50458,105,gt,joint_position,contact_manipulation,contact_manipulation
50458,115,gt,joint_position,contact_manipulation,free_pre
50458,116,gt,joint_position,contact_manipulation,free_pre
50458,117,gt,joint_position,contact_manipulation,free_pre
50458,118,gt,joint_position,contact_manipulation,free_pre
50458,129,gt,joint_position,stable_transport,stable_transport
50458,130,gt,joint_position,stable_transport,stable_transport
50458,131,gt,joint_position,stable_transport,contact_manipulation
50458,132,gt,joint_position,stable_transport,contact_manipulation
50458,133,gt,joint_position,stable_transport,contact_manipulation
50458,134,gt,joint_position,stable_transport,contact_manipulation
50458,135,gt,joint_position,stable_transport,contact_manipulation
50458,136,gt,joint_position,stable_transport,contact_manipulation
50458,137,gt,joint_position,stable_transport,contact_manipulation
50458,138,gt,joint_position,stable_transport,contact_manipulation
50458,139,gt,joint_position,stable_transport,contact_manipulation
50458,140,gt,joint_position,stable_transport,contact_manipulation
50458,141,gt,joint_position,stable_transport,contact_manipulation
50458,142,gt,joint_position,stable_transport,contact_manipulation
50458,146,gt,joint_position,stable_transport,contact_manipulation
50458,147,gt,joint_position,stable_transport,contact_manipulation
50458,148,gt,joint_position,stable_transport,contact_manipulation
50458,149,gt,joint_position,stable_transport,contact_manipulation
50458,150,gt,joint_position,stable_transport,contact_manipulation
50458,151,gt,joint_position,stable_transport,contact_manipulation
50458,152,gt,joint_position,stable_transport,contact_manipulation
50458,153,gt,joint_position,stable_transport,contact_manipulation
50458,154,gt,joint_position,stable_transport,contact_manipulation
50458,155,gt,joint_position,stable_transport,contact_manipulation
50458,156,gt,joint_position,stable_transport,contact_manipulation
50458,157,gt,joint_position,stable_transport,contact_manipulation
50458,158,gt,joint_position,stable_transport,contact_manipulation
50458,159,gt,joint_position,stable_transport,contact_manipulation
50458,160,gt,joint_position,stable_transport,contact_manipulation
50458,161,gt,joint_position,stable_transport,contact_manipulation
50458,162,gt,joint_position,stable_transport,contact_manipulation
50458,163,gt,joint_position,stable_transport,contact_manipulation
50458,164,gt,joint_position,stable_transport,contact_manipulation
50458,165,gt,joint_position,stable_transport,contact_manipulation
50458,166,gt,joint_position,stable_transport,contact_manipulation
50458,170,gt,joint_position,stable_transport,contact_manipulation
50458,171,gt,joint_position,stable_transport,contact_manipulation
50458,181,gt,joint_position,placement_release,contact_manipulation
1925,26,gt,joint_d1,free_pre,stable_transport
1925,27,gt,joint_d1,free_pre,stable_transport
1925,28,gt,joint_d1,free_pre,stable_transport
1925,29,gt,joint_d1,free_pre,stable_transport
1925,30,gt,joint_d1,free_pre,stable_transport
1925,31,gt,joint_d1,free_pre,stable_transport
1925,32,gt,joint_d1,free_pre,stable_transport
1925,33,gt,joint_d1,free_pre,stable_transport
1925,34,gt,joint_d1,free_pre,stable_transport
1925,35,gt,joint_d1,free_pre,stable_transport
1925,36,gt,joint_d1,free_pre,stable_transport
1925,37,gt,joint_d1,free_pre,stable_transport
1925,38,gt,joint_d1,free_pre,stable_transport
1925,39,gt,joint_d1,free_pre,stable_transport
1925,57,gt,joint_d1,terminal_approach,free_pre
1925,58,gt,joint_d1,terminal_approach,free_pre
1925,59,gt,joint_d1,terminal_approach,free_pre
1925,60,gt,joint_d1,terminal_approach,free_pre
1925,61,gt,joint_d1,terminal_approach,stable_transport
1925,62,gt,joint_d1,terminal_approach,free_pre
1925,63,gt,joint_d1,terminal_approach,free_pre
1925,64,gt,joint_d1,terminal_approach,free_pre
1925,65,gt,joint_d1,terminal_approach,free_pre
1925,66,gt,joint_d1,terminal_approach,free_pre
1925,67,gt,joint_d1,terminal_approach,free_pre
1925,68,gt,joint_d1,terminal_approach,free_pre
1925,69,gt,joint_d1,terminal_approach,free_pre
1925,70,gt,joint_d1,terminal_approach,free_pre
1925,74,gt,joint_d1,terminal_approach,placement_release
1925,75,gt,joint_d1,terminal_approach,placement_release
1925,76,gt,joint_d1,terminal_approach,placement_release
1925,77,gt,joint_d1,terminal_approach,placement_release
1925,98,gt,joint_d1,contact_manipulation,free_pre
1925,99,gt,joint_d1,contact_manipulation,free_pre
1925,100,gt,joint_d1,contact_manipulation,free_pre
1925,101,gt,joint_d1,contact_manipulation,free_pre
1925,102,gt,joint_d1,contact_manipulation,free_pre
1925,103,gt,joint_d1,contact_manipulation,free_pre
1925,104,gt,joint_d1,contact_manipulation,free_pre
1925,105,gt,joint_d1,contact_manipulation,placement_release
1925,106,gt,joint_d1,contact_manipulation,placement_release
1925,107,gt,joint_d1,contact_manipulation,placement_release
1925,117,gt,joint_d1,contact_manipulation,placement_release
1925,118,gt,joint_d1,contact_manipulation,contact_manipulation
1925,122,gt,joint_d1,contact_manipulation,contact_manipulation
1925,123,gt,joint_d1,contact_manipulation,contact_manipulation
1925,124,gt,joint_d1,contact_manipulation,contact_manipulation
1925,125,gt,joint_d1,contact_manipulation,contact_manipulation
1925,137,gt,joint_d1,stable_transport,placement_release
1925,138,gt,joint_d1,stable_transport,contact_manipulation
1925,139,gt,joint_d1,stable_transport,placement_release
1925,140,gt,joint_d1,stable_transport,contact_manipulation
1925,141,gt,joint_d1,stable_transport,contact_manipulation
1925,142,gt,joint_d1,stable_transport,contact_manipulation
1925,146,gt,joint_d1,stable_transport,free_pre
1925,147,gt,joint_d1,stable_transport,free_pre
1925,148,gt,joint_d1,stable_transport,free_pre
1925,149,gt,joint_d1,stable_transport,free_pre
1925,150,gt,joint_d1,stable_transport,free_pre
1925,151,gt,joint_d1,stable_transport,free_pre
1925,152,gt,joint_d1,stable_transport,free_pre
1925,153,gt,joint_d1,stable_transport,free_pre
1925,154,gt,joint_d1,stable_transport,free_pre
1925,155,gt,joint_d1,stable_transport,terminal_approach
1925,156,gt,joint_d1,stable_transport,terminal_approach
1925,157,gt,joint_d1,stable_transport,terminal_approach
1925,158,gt,joint_d1,stable_transport,terminal_approach
1925,159,gt,joint_d1,stable_transport,terminal_approach
1925,160,gt,joint_d1,stable_transport,terminal_approach
1925,161,gt,joint_d1,stable_transport,terminal_approach
1925,162,gt,joint_d1,stable_transport,stable_transport
1925,163,gt,joint_d1,stable_transport,stable_transport
1925,164,gt,joint_d1,stable_transport,stable_transport
1925,165,gt,joint_d1,stable_transport,stable_transport
1925,166,gt,joint_d1,stable_transport,free_pre
1925,170,gt,joint_d1,stable_transport,placement_release
1925,171,gt,joint_d1,stable_transport,placement_release
1925,172,gt,joint_d1,stable_transport,placement_release
1925,173,gt,joint_d1,stable_transport,placement_release
1925,174,gt,joint_d1,stable_transport,placement_release
1925,175,gt,joint_d1,stable_transport,placement_release
1925,176,gt,joint_d1,stable_transport,contact_manipulation
1925,177,gt,joint_d1,stable_transport,contact_manipulation
16001,26,gt,joint_d1,free_pre,stable_transport
16001,27,gt,joint_d1,free_pre,contact_manipulation
16001,28,gt,joint_d1,free_pre,contact_manipulation
16001,29,gt,joint_d1,free_pre,contact_manipulation
16001,30,gt,joint_d1,free_pre,contact_manipulation
16001,31,gt,joint_d1,free_pre,contact_manipulation
16001,50,gt,joint_d1,terminal_approach,terminal_approach
16001,51,gt,joint_d1,terminal_approach,terminal_approach
16001,52,gt,joint_d1,terminal_approach,terminal_approach
16001,53,gt,joint_d1,terminal_approach,stable_transport
16001,54,gt,joint_d1,terminal_approach,stable_transport
16001,55,gt,joint_d1,terminal_approach,terminal_approach
16001,56,gt,joint_d1,terminal_approach,terminal_approach
16001,57,gt,joint_d1,terminal_approach,terminal_approach
16001,58,gt,joint_d1,terminal_approach,terminal_approach
16001,59,gt,joint_d1,terminal_approach,terminal_approach
16001,60,gt,joint_d1,terminal_approach,contact_manipulation
16001,61,gt,joint_d1,terminal_approach,contact_manipulation
16001,87,gt,joint_d1,contact_manipulation,contact_manipulation
16001,88,gt,joint_d1,contact_manipulation,contact_manipulation
16001,89,gt,joint_d1,contact_manipulation,contact_manipulation
16001,90,gt,joint_d1,contact_manipulation,contact_manipulation
16001,91,gt,joint_d1,contact_manipulation,placement_release
16001,92,gt,joint_d1,contact_manipulation,contact_manipulation
16001,93,gt,joint_d1,contact_manipulation,contact_manipulation
16001,94,gt,joint_d1,contact_manipulation,contact_manipulation
16001,98,gt,joint_d1,contact_manipulation,placement_release
16001,99,gt,joint_d1,contact_manipulation,placement_release
16001,100,gt,joint_d1,contact_manipulation,placement_release
16001,101,gt,joint_d1,contact_manipulation,placement_release
16001,102,gt,joint_d1,contact_manipulation,placement_release
16001,103,gt,joint_d1,contact_manipulation,placement_release
16001,104,gt,joint_d1,contact_manipulation,placement_release
16001,105,gt,joint_d1,contact_manipulation,placement_release
16001,106,gt,joint_d1,contact_manipulation,placement_release
16001,107,gt,joint_d1,contact_manipulation,placement_release
16001,108,gt,joint_d1,contact_manipulation,placement_release
16001,109,gt,joint_d1,contact_manipulation,free_pre
16001,110,gt,joint_d1,contact_manipulation,free_pre
16001,111,gt,joint_d1,contact_manipulation,free_pre
16001,112,gt,joint_d1,contact_manipulation,free_pre
16001,113,gt,joint_d1,contact_manipulation,free_pre
16001,114,gt,joint_d1,contact_manipulation,free_pre
16001,115,gt,joint_d1,contact_manipulation,free_pre
16001,116,gt,joint_d1,contact_manipulation,free_pre
16001,117,gt,joint_d1,contact_manipulation,free_pre
16001,118,gt,joint_d1,contact_manipulation,free_pre
16001,122,gt,joint_d1,contact_manipulation,contact_manipulation
16001,123,gt,joint_d1,contact_manipulation,terminal_approach
16001,124,gt,joint_d1,contact_manipulation,free_pre
16001,125,gt,joint_d1,contact_manipulation,contact_manipulation
16001,126,gt,joint_d1,contact_manipulation,contact_manipulation
16001,127,gt,joint_d1,contact_manipulation,free_pre
16001,128,gt,joint_d1,contact_manipulation,free_pre
16001,129,gt,joint_d1,contact_manipulation,free_pre
16001,130,gt,joint_d1,contact_manipulation,stable_transport
16001,131,gt,joint_d1,contact_manipulation,free_pre
16001,132,gt,joint_d1,contact_manipulation,free_pre
16001,133,gt,joint_d1,contact_manipulation,free_pre
16001,134,gt,joint_d1,contact_manipulation,stable_transport
16001,135,gt,joint_d1,contact_manipulation,terminal_approach
16001,136,gt,joint_d1,contact_manipulation,terminal_approach
16001,137,gt,joint_d1,contact_manipulation,contact_manipulation
16001,138,gt,joint_d1,contact_manipulation,contact_manipulation
16001,139,gt,joint_d1,contact_manipulation,contact_manipulation
16001,140,gt,joint_d1,contact_manipulation,contact_manipulation
16001,141,gt,joint_d1,contact_manipulation,contact_manipulation
16001,142,gt,joint_d1,contact_manipulation,contact_manipulation
16001,146,gt,joint_d1,contact_manipulation,terminal_approach
16001,147,gt,joint_d1,contact_manipulation,terminal_approach
16001,163,gt,joint_d1,placement_release,contact_manipulation
16001,164,gt,joint_d1,placement_release,contact_manipulation
16001,165,gt,joint_d1,placement_release,contact_manipulation
16001,166,gt,joint_d1,placement_release,contact_manipulation
16001,170,gt,joint_d1,placement_release,terminal_approach
16001,171,gt,joint_d1,placement_release,terminal_approach
16001,172,gt,joint_d1,placement_release,free_pre
16001,173,gt,joint_d1,placement_release,terminal_approach
16001,174,gt,joint_d1,placement_release,contact_manipulation
16001,175,gt,joint_d1,placement_release,contact_manipulation
16001,176,gt,joint_d1,placement_release,contact_manipulation
16001,177,gt,joint_d1,placement_release,stable_transport
16001,178,gt,joint_d1,placement_release,stable_transport
16001,179,gt,joint_d1,placement_release,stable_transport
16001,189,gt,joint_d1,placement_release,contact_manipulation
16001,190,gt,joint_d1,placement_release,contact_manipulation
50458,26,gt,joint_d1,free_pre,stable_transport
50458,27,gt,joint_d1,free_pre,stable_transport
50458,28,gt,joint_d1,free_pre,contact_manipulation
50458,29,gt,joint_d1,free_pre,placement_release
50458,30,gt,joint_d1,free_pre,placement_release
50458,31,gt,joint_d1,free_pre,stable_transport
50458,32,gt,joint_d1,free_pre,stable_transport
50458,33,gt,joint_d1,free_pre,placement_release
50458,34,gt,joint_d1,free_pre,placement_release
50458,35,gt,joint_d1,free_pre,placement_release
50458,53,gt,joint_d1,terminal_approach,stable_transport
50458,54,gt,joint_d1,terminal_approach,stable_transport
50458,55,gt,joint_d1,terminal_approach,stable_transport
50458,56,gt,joint_d1,terminal_approach,stable_transport
50458,57,gt,joint_d1,terminal_approach,stable_transport
50458,58,gt,joint_d1,terminal_approach,stable_transport
50458,59,gt,joint_d1,terminal_approach,stable_transport
50458,60,gt,joint_d1,terminal_approach,stable_transport
50458,61,gt,joint_d1,terminal_approach,stable_transport
50458,62,gt,joint_d1,terminal_approach,stable_transport
50458,63,gt,joint_d1,terminal_approach,stable_transport
50458,75,gt,joint_d1,contact_manipulation,terminal_approach
50458,76,gt,joint_d1,contact_manipulation,terminal_approach
50458,77,gt,joint_d1,contact_manipulation,terminal_approach
50458,78,gt,joint_d1,contact_manipulation,terminal_approach
50458,79,gt,joint_d1,contact_manipulation,terminal_approach
50458,80,gt,joint_d1,contact_manipulation,terminal_approach
50458,81,gt,joint_d1,contact_manipulation,terminal_approach
50458,82,gt,joint_d1,contact_manipulation,terminal_approach
50458,83,gt,joint_d1,contact_manipulation,terminal_approach
50458,84,gt,joint_d1,contact_manipulation,terminal_approach
50458,85,gt,joint_d1,contact_manipulation,terminal_approach
50458,86,gt,joint_d1,contact_manipulation,terminal_approach
50458,87,gt,joint_d1,contact_manipulation,placement_release
50458,88,gt,joint_d1,contact_manipulation,terminal_approach
50458,89,gt,joint_d1,contact_manipulation,terminal_approach
50458,90,gt,joint_d1,contact_manipulation,terminal_approach
50458,91,gt,joint_d1,contact_manipulation,placement_release
50458,92,gt,joint_d1,contact_manipulation,terminal_approach
50458,93,gt,joint_d1,contact_manipulation,terminal_approach
50458,94,gt,joint_d1,contact_manipulation,stable_transport
50458,98,gt,joint_d1,contact_manipulation,placement_release
50458,99,gt,joint_d1,contact_manipulation,contact_manipulation
50458,100,gt,joint_d1,contact_manipulation,contact_manipulation
50458,101,gt,joint_d1,contact_manipulation,contact_manipulation
50458,102,gt,joint_d1,contact_manipulation,contact_manipulation
50458,103,gt,joint_d1,contact_manipulation,contact_manipulation
50458,104,gt,joint_d1,contact_manipulation,contact_manipulation
50458,105,gt,joint_d1,contact_manipulation,contact_manipulation
50458,115,gt,joint_d1,contact_manipulation,contact_manipulation
50458,116,gt,joint_d1,contact_manipulation,contact_manipulation
50458,117,gt,joint_d1,contact_manipulation,contact_manipulation
50458,118,gt,joint_d1,contact_manipulation,contact_manipulation
50458,129,gt,joint_d1,stable_transport,free_pre
50458,130,gt,joint_d1,stable_transport,free_pre
50458,131,gt,joint_d1,stable_transport,free_pre
50458,132,gt,joint_d1,stable_transport,free_pre
50458,133,gt,joint_d1,stable_transport,placement_release
50458,134,gt,joint_d1,stable_transport,stable_transport
50458,135,gt,joint_d1,stable_transport,stable_transport
50458,136,gt,joint_d1,stable_transport,free_pre
50458,137,gt,joint_d1,stable_transport,terminal_approach
50458,138,gt,joint_d1,stable_transport,free_pre
50458,139,gt,joint_d1,stable_transport,free_pre
50458,140,gt,joint_d1,stable_transport,free_pre
50458,141,gt,joint_d1,stable_transport,free_pre
50458,142,gt,joint_d1,stable_transport,free_pre
50458,146,gt,joint_d1,stable_transport,free_pre
50458,147,gt,joint_d1,stable_transport,free_pre
50458,148,gt,joint_d1,stable_transport,free_pre
50458,149,gt,joint_d1,stable_transport,free_pre
50458,150,gt,joint_d1,stable_transport,free_pre
50458,151,gt,joint_d1,stable_transport,free_pre
50458,152,gt,joint_d1,stable_transport,terminal_approach
50458,153,gt,joint_d1,stable_transport,terminal_approach
50458,154,gt,joint_d1,stable_transport,terminal_approach
50458,155,gt,joint_d1,stable_transport,terminal_approach
50458,156,gt,joint_d1,stable_transport,terminal_approach
50458,157,gt,joint_d1,stable_transport,free_pre
50458,158,gt,joint_d1,stable_transport,terminal_approach
50458,159,gt,joint_d1,stable_transport,terminal_approach
50458,160,gt,joint_d1,stable_transport,terminal_approach
50458,161,gt,joint_d1,stable_transport,terminal_approach
50458,162,gt,joint_d1,stable_transport,free_pre
50458,163,gt,joint_d1,stable_transport,free_pre
50458,164,gt,joint_d1,stable_transport,terminal_approach
50458,165,gt,joint_d1,stable_transport,terminal_approach
50458,166,gt,joint_d1,stable_transport,terminal_approach
50458,170,gt,joint_d1,stable_transport,stable_transport
50458,171,gt,joint_d1,stable_transport,stable_transport
50458,181,gt,joint_d1,placement_release,contact_manipulation
1925,26,gt,joint_scalar,free_pre,terminal_approach
1925,27,gt,joint_scalar,free_pre,stable_transport
1925,28,gt,joint_scalar,free_pre,stable_transport
1925,29,gt,joint_scalar,free_pre,stable_transport
1925,30,gt,joint_scalar,free_pre,stable_transport
1925,31,gt,joint_scalar,free_pre,stable_transport
1925,32,gt,joint_scalar,free_pre,stable_transport
1925,33,gt,joint_scalar,free_pre,stable_transport
1925,34,gt,joint_scalar,free_pre,stable_transport
1925,35,gt,joint_scalar,free_pre,stable_transport
1925,36,gt,joint_scalar,free_pre,stable_transport
1925,37,gt,joint_scalar,free_pre,terminal_approach
1925,38,gt,joint_scalar,free_pre,terminal_approach
1925,39,gt,joint_scalar,free_pre,contact_manipulation
1925,57,gt,joint_scalar,terminal_approach,placement_release
1925,58,gt,joint_scalar,terminal_approach,placement_release
1925,59,gt,joint_scalar,terminal_approach,placement_release
1925,60,gt,joint_scalar,terminal_approach,placement_release
1925,61,gt,joint_scalar,terminal_approach,placement_release
1925,62,gt,joint_scalar,terminal_approach,placement_release
1925,63,gt,joint_scalar,terminal_approach,placement_release
1925,64,gt,joint_scalar,terminal_approach,placement_release
1925,65,gt,joint_scalar,terminal_approach,placement_release
1925,66,gt,joint_scalar,terminal_approach,placement_release
1925,67,gt,joint_scalar,terminal_approach,placement_release
1925,68,gt,joint_scalar,terminal_approach,placement_release
1925,69,gt,joint_scalar,terminal_approach,placement_release
1925,70,gt,joint_scalar,terminal_approach,placement_release
1925,74,gt,joint_scalar,terminal_approach,placement_release
1925,75,gt,joint_scalar,terminal_approach,placement_release
1925,76,gt,joint_scalar,terminal_approach,placement_release
1925,77,gt,joint_scalar,terminal_approach,placement_release
1925,98,gt,joint_scalar,contact_manipulation,placement_release
1925,99,gt,joint_scalar,contact_manipulation,placement_release
1925,100,gt,joint_scalar,contact_manipulation,placement_release
1925,101,gt,joint_scalar,contact_manipulation,placement_release
1925,102,gt,joint_scalar,contact_manipulation,placement_release
1925,103,gt,joint_scalar,contact_manipulation,placement_release
1925,104,gt,joint_scalar,contact_manipulation,free_pre
1925,105,gt,joint_scalar,contact_manipulation,free_pre
1925,106,gt,joint_scalar,contact_manipulation,placement_release
1925,107,gt,joint_scalar,contact_manipulation,placement_release
1925,117,gt,joint_scalar,contact_manipulation,placement_release
1925,118,gt,joint_scalar,contact_manipulation,placement_release
1925,122,gt,joint_scalar,contact_manipulation,contact_manipulation
1925,123,gt,joint_scalar,contact_manipulation,terminal_approach
1925,124,gt,joint_scalar,contact_manipulation,contact_manipulation
1925,125,gt,joint_scalar,contact_manipulation,terminal_approach
1925,137,gt,joint_scalar,stable_transport,stable_transport
1925,138,gt,joint_scalar,stable_transport,free_pre
1925,139,gt,joint_scalar,stable_transport,free_pre
1925,140,gt,joint_scalar,stable_transport,placement_release
1925,141,gt,joint_scalar,stable_transport,free_pre
1925,142,gt,joint_scalar,stable_transport,contact_manipulation
1925,146,gt,joint_scalar,stable_transport,contact_manipulation
1925,147,gt,joint_scalar,stable_transport,placement_release
1925,148,gt,joint_scalar,stable_transport,free_pre
1925,149,gt,joint_scalar,stable_transport,placement_release
1925,150,gt,joint_scalar,stable_transport,contact_manipulation
1925,151,gt,joint_scalar,stable_transport,contact_manipulation
1925,152,gt,joint_scalar,stable_transport,contact_manipulation
1925,153,gt,joint_scalar,stable_transport,contact_manipulation
1925,154,gt,joint_scalar,stable_transport,contact_manipulation
1925,155,gt,joint_scalar,stable_transport,contact_manipulation
1925,156,gt,joint_scalar,stable_transport,contact_manipulation
1925,157,gt,joint_scalar,stable_transport,placement_release
1925,158,gt,joint_scalar,stable_transport,terminal_approach
1925,159,gt,joint_scalar,stable_transport,terminal_approach
1925,160,gt,joint_scalar,stable_transport,terminal_approach
1925,161,gt,joint_scalar,stable_transport,contact_manipulation
1925,162,gt,joint_scalar,stable_transport,placement_release
1925,163,gt,joint_scalar,stable_transport,placement_release
1925,164,gt,joint_scalar,stable_transport,placement_release
1925,165,gt,joint_scalar,stable_transport,placement_release
1925,166,gt,joint_scalar,stable_transport,placement_release
1925,170,gt,joint_scalar,stable_transport,free_pre
1925,171,gt,joint_scalar,stable_transport,free_pre
1925,172,gt,joint_scalar,stable_transport,free_pre
1925,173,gt,joint_scalar,stable_transport,placement_release
1925,174,gt,joint_scalar,stable_transport,placement_release
1925,175,gt,joint_scalar,stable_transport,free_pre
1925,176,gt,joint_scalar,stable_transport,free_pre
1925,177,gt,joint_scalar,stable_transport,free_pre
16001,26,gt,joint_scalar,free_pre,stable_transport
16001,27,gt,joint_scalar,free_pre,stable_transport
16001,28,gt,joint_scalar,free_pre,terminal_approach
16001,29,gt,joint_scalar,free_pre,terminal_approach
16001,30,gt,joint_scalar,free_pre,terminal_approach
16001,31,gt,joint_scalar,free_pre,stable_transport
16001,50,gt,joint_scalar,terminal_approach,placement_release
16001,51,gt,joint_scalar,terminal_approach,placement_release
16001,52,gt,joint_scalar,terminal_approach,placement_release
16001,53,gt,joint_scalar,terminal_approach,placement_release
16001,54,gt,joint_scalar,terminal_approach,placement_release
16001,55,gt,joint_scalar,terminal_approach,free_pre
16001,56,gt,joint_scalar,terminal_approach,placement_release
16001,57,gt,joint_scalar,terminal_approach,placement_release
16001,58,gt,joint_scalar,terminal_approach,free_pre
16001,59,gt,joint_scalar,terminal_approach,placement_release
16001,60,gt,joint_scalar,terminal_approach,free_pre
16001,61,gt,joint_scalar,terminal_approach,free_pre
16001,87,gt,joint_scalar,contact_manipulation,contact_manipulation
16001,88,gt,joint_scalar,contact_manipulation,terminal_approach
16001,89,gt,joint_scalar,contact_manipulation,stable_transport
16001,90,gt,joint_scalar,contact_manipulation,contact_manipulation
16001,91,gt,joint_scalar,contact_manipulation,contact_manipulation
16001,92,gt,joint_scalar,contact_manipulation,stable_transport
16001,93,gt,joint_scalar,contact_manipulation,contact_manipulation
16001,94,gt,joint_scalar,contact_manipulation,contact_manipulation
16001,98,gt,joint_scalar,contact_manipulation,placement_release
16001,99,gt,joint_scalar,contact_manipulation,contact_manipulation
16001,100,gt,joint_scalar,contact_manipulation,contact_manipulation
16001,101,gt,joint_scalar,contact_manipulation,stable_transport
16001,102,gt,joint_scalar,contact_manipulation,stable_transport
16001,103,gt,joint_scalar,contact_manipulation,stable_transport
16001,104,gt,joint_scalar,contact_manipulation,free_pre
16001,105,gt,joint_scalar,contact_manipulation,free_pre
16001,106,gt,joint_scalar,contact_manipulation,placement_release
16001,107,gt,joint_scalar,contact_manipulation,placement_release
16001,108,gt,joint_scalar,contact_manipulation,placement_release
16001,109,gt,joint_scalar,contact_manipulation,placement_release
16001,110,gt,joint_scalar,contact_manipulation,free_pre
16001,111,gt,joint_scalar,contact_manipulation,free_pre
16001,112,gt,joint_scalar,contact_manipulation,placement_release
16001,113,gt,joint_scalar,contact_manipulation,free_pre
16001,114,gt,joint_scalar,contact_manipulation,placement_release
16001,115,gt,joint_scalar,contact_manipulation,placement_release
16001,116,gt,joint_scalar,contact_manipulation,free_pre
16001,117,gt,joint_scalar,contact_manipulation,stable_transport
16001,118,gt,joint_scalar,contact_manipulation,stable_transport
16001,122,gt,joint_scalar,contact_manipulation,stable_transport
16001,123,gt,joint_scalar,contact_manipulation,free_pre
16001,124,gt,joint_scalar,contact_manipulation,free_pre
16001,125,gt,joint_scalar,contact_manipulation,free_pre
16001,126,gt,joint_scalar,contact_manipulation,stable_transport
16001,127,gt,joint_scalar,contact_manipulation,free_pre
16001,128,gt,joint_scalar,contact_manipulation,stable_transport
16001,129,gt,joint_scalar,contact_manipulation,stable_transport
16001,130,gt,joint_scalar,contact_manipulation,stable_transport
16001,131,gt,joint_scalar,contact_manipulation,free_pre
16001,132,gt,joint_scalar,contact_manipulation,stable_transport
16001,133,gt,joint_scalar,contact_manipulation,free_pre
16001,134,gt,joint_scalar,contact_manipulation,free_pre
16001,135,gt,joint_scalar,contact_manipulation,stable_transport
16001,136,gt,joint_scalar,contact_manipulation,stable_transport
16001,137,gt,joint_scalar,contact_manipulation,stable_transport
16001,138,gt,joint_scalar,contact_manipulation,stable_transport
16001,139,gt,joint_scalar,contact_manipulation,terminal_approach
16001,140,gt,joint_scalar,contact_manipulation,stable_transport
16001,141,gt,joint_scalar,contact_manipulation,terminal_approach
16001,142,gt,joint_scalar,contact_manipulation,contact_manipulation
16001,146,gt,joint_scalar,contact_manipulation,contact_manipulation
16001,147,gt,joint_scalar,contact_manipulation,terminal_approach
16001,163,gt,joint_scalar,placement_release,terminal_approach
16001,164,gt,joint_scalar,placement_release,contact_manipulation
16001,165,gt,joint_scalar,placement_release,terminal_approach
16001,166,gt,joint_scalar,placement_release,terminal_approach
16001,170,gt,joint_scalar,placement_release,terminal_approach
16001,171,gt,joint_scalar,placement_release,contact_manipulation
16001,172,gt,joint_scalar,placement_release,terminal_approach
16001,173,gt,joint_scalar,placement_release,terminal_approach
16001,174,gt,joint_scalar,placement_release,terminal_approach
16001,175,gt,joint_scalar,placement_release,terminal_approach
16001,176,gt,joint_scalar,placement_release,terminal_approach
16001,177,gt,joint_scalar,placement_release,terminal_approach
16001,178,gt,joint_scalar,placement_release,terminal_approach
16001,179,gt,joint_scalar,placement_release,terminal_approach
16001,189,gt,joint_scalar,placement_release,free_pre
16001,190,gt,joint_scalar,placement_release,free_pre
50458,26,gt,joint_scalar,free_pre,terminal_approach
50458,27,gt,joint_scalar,free_pre,free_pre
50458,28,gt,joint_scalar,free_pre,stable_transport
50458,29,gt,joint_scalar,free_pre,stable_transport
50458,30,gt,joint_scalar,free_pre,stable_transport
50458,31,gt,joint_scalar,free_pre,contact_manipulation
50458,32,gt,joint_scalar,free_pre,stable_transport
50458,33,gt,joint_scalar,free_pre,stable_transport
50458,34,gt,joint_scalar,free_pre,stable_transport
50458,35,gt,joint_scalar,free_pre,stable_transport
50458,53,gt,joint_scalar,terminal_approach,terminal_approach
50458,54,gt,joint_scalar,terminal_approach,placement_release
50458,55,gt,joint_scalar,terminal_approach,terminal_approach
50458,56,gt,joint_scalar,terminal_approach,terminal_approach
50458,57,gt,joint_scalar,terminal_approach,terminal_approach
50458,58,gt,joint_scalar,terminal_approach,terminal_approach
50458,59,gt,joint_scalar,terminal_approach,terminal_approach
50458,60,gt,joint_scalar,terminal_approach,terminal_approach
50458,61,gt,joint_scalar,terminal_approach,terminal_approach
50458,62,gt,joint_scalar,terminal_approach,terminal_approach
50458,63,gt,joint_scalar,terminal_approach,terminal_approach
50458,75,gt,joint_scalar,contact_manipulation,placement_release
50458,76,gt,joint_scalar,contact_manipulation,placement_release
50458,77,gt,joint_scalar,contact_manipulation,terminal_approach
50458,78,gt,joint_scalar,contact_manipulation,terminal_approach
50458,79,gt,joint_scalar,contact_manipulation,terminal_approach
50458,80,gt,joint_scalar,contact_manipulation,placement_release
50458,81,gt,joint_scalar,contact_manipulation,terminal_approach
50458,82,gt,joint_scalar,contact_manipulation,terminal_approach
50458,83,gt,joint_scalar,contact_manipulation,terminal_approach
50458,84,gt,joint_scalar,contact_manipulation,terminal_approach
50458,85,gt,joint_scalar,contact_manipulation,terminal_approach
50458,86,gt,joint_scalar,contact_manipulation,terminal_approach
50458,87,gt,joint_scalar,contact_manipulation,terminal_approach
50458,88,gt,joint_scalar,contact_manipulation,terminal_approach
50458,89,gt,joint_scalar,contact_manipulation,terminal_approach
50458,90,gt,joint_scalar,contact_manipulation,terminal_approach
50458,91,gt,joint_scalar,contact_manipulation,placement_release
50458,92,gt,joint_scalar,contact_manipulation,terminal_approach
50458,93,gt,joint_scalar,contact_manipulation,terminal_approach
50458,94,gt,joint_scalar,contact_manipulation,terminal_approach
50458,98,gt,joint_scalar,contact_manipulation,stable_transport
50458,99,gt,joint_scalar,contact_manipulation,stable_transport
50458,100,gt,joint_scalar,contact_manipulation,free_pre
50458,101,gt,joint_scalar,contact_manipulation,contact_manipulation
50458,102,gt,joint_scalar,contact_manipulation,terminal_approach
50458,103,gt,joint_scalar,contact_manipulation,placement_release
50458,104,gt,joint_scalar,contact_manipulation,terminal_approach
50458,105,gt,joint_scalar,contact_manipulation,terminal_approach
50458,115,gt,joint_scalar,contact_manipulation,free_pre
50458,116,gt,joint_scalar,contact_manipulation,terminal_approach
50458,117,gt,joint_scalar,contact_manipulation,free_pre
50458,118,gt,joint_scalar,contact_manipulation,free_pre
50458,129,gt,joint_scalar,stable_transport,free_pre
50458,130,gt,joint_scalar,stable_transport,free_pre
50458,131,gt,joint_scalar,stable_transport,free_pre
50458,132,gt,joint_scalar,stable_transport,free_pre
50458,133,gt,joint_scalar,stable_transport,stable_transport
50458,134,gt,joint_scalar,stable_transport,contact_manipulation
50458,135,gt,joint_scalar,stable_transport,stable_transport
50458,136,gt,joint_scalar,stable_transport,contact_manipulation
50458,137,gt,joint_scalar,stable_transport,stable_transport
50458,138,gt,joint_scalar,stable_transport,stable_transport
50458,139,gt,joint_scalar,stable_transport,contact_manipulation
50458,140,gt,joint_scalar,stable_transport,free_pre
50458,141,gt,joint_scalar,stable_transport,free_pre
50458,142,gt,joint_scalar,stable_transport,free_pre
50458,146,gt,joint_scalar,stable_transport,free_pre
50458,147,gt,joint_scalar,stable_transport,free_pre
50458,148,gt,joint_scalar,stable_transport,free_pre
50458,149,gt,joint_scalar,stable_transport,free_pre
50458,150,gt,joint_scalar,stable_transport,free_pre
50458,151,gt,joint_scalar,stable_transport,free_pre
50458,152,gt,joint_scalar,stable_transport,terminal_approach
50458,153,gt,joint_scalar,stable_transport,terminal_approach
50458,154,gt,joint_scalar,stable_transport,terminal_approach
50458,155,gt,joint_scalar,stable_transport,free_pre
50458,156,gt,joint_scalar,stable_transport,free_pre
50458,157,gt,joint_scalar,stable_transport,free_pre
50458,158,gt,joint_scalar,stable_transport,terminal_approach
50458,159,gt,joint_scalar,stable_transport,terminal_approach
50458,160,gt,joint_scalar,stable_transport,terminal_approach
50458,161,gt,joint_scalar,stable_transport,contact_manipulation
50458,162,gt,joint_scalar,stable_transport,free_pre
50458,163,gt,joint_scalar,stable_transport,terminal_approach
50458,164,gt,joint_scalar,stable_transport,stable_transport
50458,165,gt,joint_scalar,stable_transport,placement_release
50458,166,gt,joint_scalar,stable_transport,terminal_approach
50458,170,gt,joint_scalar,stable_transport,terminal_approach
50458,171,gt,joint_scalar,stable_transport,stable_transport
50458,181,gt,joint_scalar,placement_release,terminal_approach
1925,26,gt,joint_dynamics,free_pre,stable_transport
1925,27,gt,joint_dynamics,free_pre,stable_transport
1925,28,gt,joint_dynamics,free_pre,stable_transport
1925,29,gt,joint_dynamics,free_pre,stable_transport
1925,30,gt,joint_dynamics,free_pre,stable_transport
1925,31,gt,joint_dynamics,free_pre,stable_transport
1925,32,gt,joint_dynamics,free_pre,stable_transport
1925,33,gt,joint_dynamics,free_pre,stable_transport
1925,34,gt,joint_dynamics,free_pre,stable_transport
1925,35,gt,joint_dynamics,free_pre,stable_transport
1925,36,gt,joint_dynamics,free_pre,stable_transport
1925,37,gt,joint_dynamics,free_pre,stable_transport
1925,38,gt,joint_dynamics,free_pre,stable_transport
1925,39,gt,joint_dynamics,free_pre,stable_transport
1925,57,gt,joint_dynamics,terminal_approach,free_pre
1925,58,gt,joint_dynamics,terminal_approach,free_pre
1925,59,gt,joint_dynamics,terminal_approach,free_pre
1925,60,gt,joint_dynamics,terminal_approach,free_pre
1925,61,gt,joint_dynamics,terminal_approach,free_pre
1925,62,gt,joint_dynamics,terminal_approach,free_pre
1925,63,gt,joint_dynamics,terminal_approach,free_pre
1925,64,gt,joint_dynamics,terminal_approach,free_pre
1925,65,gt,joint_dynamics,terminal_approach,free_pre
1925,66,gt,joint_dynamics,terminal_approach,free_pre
1925,67,gt,joint_dynamics,terminal_approach,free_pre
1925,68,gt,joint_dynamics,terminal_approach,free_pre
1925,69,gt,joint_dynamics,terminal_approach,placement_release
1925,70,gt,joint_dynamics,terminal_approach,placement_release
1925,74,gt,joint_dynamics,terminal_approach,placement_release
1925,75,gt,joint_dynamics,terminal_approach,placement_release
1925,76,gt,joint_dynamics,terminal_approach,placement_release
1925,77,gt,joint_dynamics,terminal_approach,placement_release
1925,98,gt,joint_dynamics,contact_manipulation,contact_manipulation
1925,99,gt,joint_dynamics,contact_manipulation,contact_manipulation
1925,100,gt,joint_dynamics,contact_manipulation,free_pre
1925,101,gt,joint_dynamics,contact_manipulation,placement_release
1925,102,gt,joint_dynamics,contact_manipulation,free_pre
1925,103,gt,joint_dynamics,contact_manipulation,placement_release
1925,104,gt,joint_dynamics,contact_manipulation,free_pre
1925,105,gt,joint_dynamics,contact_manipulation,free_pre
1925,106,gt,joint_dynamics,contact_manipulation,placement_release
1925,107,gt,joint_dynamics,contact_manipulation,placement_release
1925,117,gt,joint_dynamics,contact_manipulation,placement_release
1925,118,gt,joint_dynamics,contact_manipulation,placement_release
1925,122,gt,joint_dynamics,contact_manipulation,contact_manipulation
1925,123,gt,joint_dynamics,contact_manipulation,placement_release
1925,124,gt,joint_dynamics,contact_manipulation,placement_release
1925,125,gt,joint_dynamics,contact_manipulation,placement_release
1925,137,gt,joint_dynamics,stable_transport,contact_manipulation
1925,138,gt,joint_dynamics,stable_transport,free_pre
1925,139,gt,joint_dynamics,stable_transport,contact_manipulation
1925,140,gt,joint_dynamics,stable_transport,contact_manipulation
1925,141,gt,joint_dynamics,stable_transport,free_pre
1925,142,gt,joint_dynamics,stable_transport,contact_manipulation
1925,146,gt,joint_dynamics,stable_transport,free_pre
1925,147,gt,joint_dynamics,stable_transport,free_pre
1925,148,gt,joint_dynamics,stable_transport,free_pre
1925,149,gt,joint_dynamics,stable_transport,free_pre
1925,150,gt,joint_dynamics,stable_transport,contact_manipulation
1925,151,gt,joint_dynamics,stable_transport,free_pre
1925,152,gt,joint_dynamics,stable_transport,free_pre
1925,153,gt,joint_dynamics,stable_transport,contact_manipulation
1925,154,gt,joint_dynamics,stable_transport,terminal_approach
1925,155,gt,joint_dynamics,stable_transport,terminal_approach
1925,156,gt,joint_dynamics,stable_transport,terminal_approach
1925,157,gt,joint_dynamics,stable_transport,terminal_approach
1925,158,gt,joint_dynamics,stable_transport,terminal_approach
1925,159,gt,joint_dynamics,stable_transport,terminal_approach
1925,160,gt,joint_dynamics,stable_transport,terminal_approach
1925,161,gt,joint_dynamics,stable_transport,terminal_approach
1925,162,gt,joint_dynamics,stable_transport,terminal_approach
1925,163,gt,joint_dynamics,stable_transport,stable_transport
1925,164,gt,joint_dynamics,stable_transport,contact_manipulation
1925,165,gt,joint_dynamics,stable_transport,free_pre
1925,166,gt,joint_dynamics,stable_transport,free_pre
1925,170,gt,joint_dynamics,stable_transport,placement_release
1925,171,gt,joint_dynamics,stable_transport,contact_manipulation
1925,172,gt,joint_dynamics,stable_transport,placement_release
1925,173,gt,joint_dynamics,stable_transport,placement_release
1925,174,gt,joint_dynamics,stable_transport,placement_release
1925,175,gt,joint_dynamics,stable_transport,contact_manipulation
1925,176,gt,joint_dynamics,stable_transport,placement_release
1925,177,gt,joint_dynamics,stable_transport,free_pre
16001,26,gt,joint_dynamics,free_pre,contact_manipulation
16001,27,gt,joint_dynamics,free_pre,contact_manipulation
16001,28,gt,joint_dynamics,free_pre,contact_manipulation
16001,29,gt,joint_dynamics,free_pre,terminal_approach
16001,30,gt,joint_dynamics,free_pre,terminal_approach
16001,31,gt,joint_dynamics,free_pre,stable_transport
16001,50,gt,joint_dynamics,terminal_approach,stable_transport
16001,51,gt,joint_dynamics,terminal_approach,stable_transport
16001,52,gt,joint_dynamics,terminal_approach,stable_transport
16001,53,gt,joint_dynamics,terminal_approach,stable_transport
16001,54,gt,joint_dynamics,terminal_approach,stable_transport
16001,55,gt,joint_dynamics,terminal_approach,stable_transport
16001,56,gt,joint_dynamics,terminal_approach,stable_transport
16001,57,gt,joint_dynamics,terminal_approach,stable_transport
16001,58,gt,joint_dynamics,terminal_approach,stable_transport
16001,59,gt,joint_dynamics,terminal_approach,stable_transport
16001,60,gt,joint_dynamics,terminal_approach,contact_manipulation
16001,61,gt,joint_dynamics,terminal_approach,contact_manipulation
16001,87,gt,joint_dynamics,contact_manipulation,contact_manipulation
16001,88,gt,joint_dynamics,contact_manipulation,contact_manipulation
16001,89,gt,joint_dynamics,contact_manipulation,free_pre
16001,90,gt,joint_dynamics,contact_manipulation,contact_manipulation
16001,91,gt,joint_dynamics,contact_manipulation,contact_manipulation
16001,92,gt,joint_dynamics,contact_manipulation,contact_manipulation
16001,93,gt,joint_dynamics,contact_manipulation,contact_manipulation
16001,94,gt,joint_dynamics,contact_manipulation,contact_manipulation
16001,98,gt,joint_dynamics,contact_manipulation,contact_manipulation
16001,99,gt,joint_dynamics,contact_manipulation,contact_manipulation
16001,100,gt,joint_dynamics,contact_manipulation,placement_release
16001,101,gt,joint_dynamics,contact_manipulation,placement_release
16001,102,gt,joint_dynamics,contact_manipulation,placement_release
16001,103,gt,joint_dynamics,contact_manipulation,placement_release
16001,104,gt,joint_dynamics,contact_manipulation,placement_release
16001,105,gt,joint_dynamics,contact_manipulation,placement_release
16001,106,gt,joint_dynamics,contact_manipulation,placement_release
16001,107,gt,joint_dynamics,contact_manipulation,placement_release
16001,108,gt,joint_dynamics,contact_manipulation,placement_release
16001,109,gt,joint_dynamics,contact_manipulation,free_pre
16001,110,gt,joint_dynamics,contact_manipulation,placement_release
16001,111,gt,joint_dynamics,contact_manipulation,free_pre
16001,112,gt,joint_dynamics,contact_manipulation,free_pre
16001,113,gt,joint_dynamics,contact_manipulation,free_pre
16001,114,gt,joint_dynamics,contact_manipulation,free_pre
16001,115,gt,joint_dynamics,contact_manipulation,free_pre
16001,116,gt,joint_dynamics,contact_manipulation,free_pre
16001,117,gt,joint_dynamics,contact_manipulation,free_pre
16001,118,gt,joint_dynamics,contact_manipulation,stable_transport
16001,122,gt,joint_dynamics,contact_manipulation,contact_manipulation
16001,123,gt,joint_dynamics,contact_manipulation,contact_manipulation
16001,124,gt,joint_dynamics,contact_manipulation,placement_release
16001,125,gt,joint_dynamics,contact_manipulation,terminal_approach
16001,126,gt,joint_dynamics,contact_manipulation,contact_manipulation
16001,127,gt,joint_dynamics,contact_manipulation,free_pre
16001,128,gt,joint_dynamics,contact_manipulation,stable_transport
16001,129,gt,joint_dynamics,contact_manipulation,free_pre
16001,130,gt,joint_dynamics,contact_manipulation,free_pre
16001,131,gt,joint_dynamics,contact_manipulation,stable_transport
16001,132,gt,joint_dynamics,contact_manipulation,free_pre
16001,133,gt,joint_dynamics,contact_manipulation,free_pre
16001,134,gt,joint_dynamics,contact_manipulation,free_pre
16001,135,gt,joint_dynamics,contact_manipulation,stable_transport
16001,136,gt,joint_dynamics,contact_manipulation,stable_transport
16001,137,gt,joint_dynamics,contact_manipulation,contact_manipulation
16001,138,gt,joint_dynamics,contact_manipulation,contact_manipulation
16001,139,gt,joint_dynamics,contact_manipulation,contact_manipulation
16001,140,gt,joint_dynamics,contact_manipulation,contact_manipulation
16001,141,gt,joint_dynamics,contact_manipulation,contact_manipulation
16001,142,gt,joint_dynamics,contact_manipulation,contact_manipulation
16001,146,gt,joint_dynamics,contact_manipulation,stable_transport
16001,147,gt,joint_dynamics,contact_manipulation,terminal_approach
16001,163,gt,joint_dynamics,placement_release,contact_manipulation
16001,164,gt,joint_dynamics,placement_release,terminal_approach
16001,165,gt,joint_dynamics,placement_release,contact_manipulation
16001,166,gt,joint_dynamics,placement_release,contact_manipulation
16001,170,gt,joint_dynamics,placement_release,terminal_approach
16001,171,gt,joint_dynamics,placement_release,terminal_approach
16001,172,gt,joint_dynamics,placement_release,terminal_approach
16001,173,gt,joint_dynamics,placement_release,contact_manipulation
16001,174,gt,joint_dynamics,placement_release,contact_manipulation
16001,175,gt,joint_dynamics,placement_release,contact_manipulation
16001,176,gt,joint_dynamics,placement_release,contact_manipulation
16001,177,gt,joint_dynamics,placement_release,contact_manipulation
16001,178,gt,joint_dynamics,placement_release,contact_manipulation
16001,179,gt,joint_dynamics,placement_release,contact_manipulation
16001,189,gt,joint_dynamics,placement_release,contact_manipulation
16001,190,gt,joint_dynamics,placement_release,contact_manipulation
50458,26,gt,joint_dynamics,free_pre,stable_transport
50458,27,gt,joint_dynamics,free_pre,stable_transport
50458,28,gt,joint_dynamics,free_pre,free_pre
50458,29,gt,joint_dynamics,free_pre,contact_manipulation
50458,30,gt,joint_dynamics,free_pre,placement_release
50458,31,gt,joint_dynamics,free_pre,stable_transport
50458,32,gt,joint_dynamics,free_pre,stable_transport
50458,33,gt,joint_dynamics,free_pre,free_pre
50458,34,gt,joint_dynamics,free_pre,stable_transport
50458,35,gt,joint_dynamics,free_pre,free_pre
50458,53,gt,joint_dynamics,terminal_approach,stable_transport
50458,54,gt,joint_dynamics,terminal_approach,stable_transport
50458,55,gt,joint_dynamics,terminal_approach,stable_transport
50458,56,gt,joint_dynamics,terminal_approach,stable_transport
50458,57,gt,joint_dynamics,terminal_approach,stable_transport
50458,58,gt,joint_dynamics,terminal_approach,stable_transport
50458,59,gt,joint_dynamics,terminal_approach,stable_transport
50458,60,gt,joint_dynamics,terminal_approach,stable_transport
50458,61,gt,joint_dynamics,terminal_approach,stable_transport
50458,62,gt,joint_dynamics,terminal_approach,stable_transport
50458,63,gt,joint_dynamics,terminal_approach,stable_transport
50458,75,gt,joint_dynamics,contact_manipulation,terminal_approach
50458,76,gt,joint_dynamics,contact_manipulation,terminal_approach
50458,77,gt,joint_dynamics,contact_manipulation,terminal_approach
50458,78,gt,joint_dynamics,contact_manipulation,terminal_approach
50458,79,gt,joint_dynamics,contact_manipulation,terminal_approach
50458,80,gt,joint_dynamics,contact_manipulation,terminal_approach
50458,81,gt,joint_dynamics,contact_manipulation,terminal_approach
50458,82,gt,joint_dynamics,contact_manipulation,terminal_approach
50458,83,gt,joint_dynamics,contact_manipulation,terminal_approach
50458,84,gt,joint_dynamics,contact_manipulation,terminal_approach
50458,85,gt,joint_dynamics,contact_manipulation,terminal_approach
50458,86,gt,joint_dynamics,contact_manipulation,terminal_approach
50458,87,gt,joint_dynamics,contact_manipulation,terminal_approach
50458,88,gt,joint_dynamics,contact_manipulation,placement_release
50458,89,gt,joint_dynamics,contact_manipulation,placement_release
50458,90,gt,joint_dynamics,contact_manipulation,placement_release
50458,91,gt,joint_dynamics,contact_manipulation,terminal_approach
50458,92,gt,joint_dynamics,contact_manipulation,terminal_approach
50458,93,gt,joint_dynamics,contact_manipulation,placement_release
50458,94,gt,joint_dynamics,contact_manipulation,placement_release
50458,98,gt,joint_dynamics,contact_manipulation,contact_manipulation
50458,99,gt,joint_dynamics,contact_manipulation,contact_manipulation
50458,100,gt,joint_dynamics,contact_manipulation,contact_manipulation
50458,101,gt,joint_dynamics,contact_manipulation,contact_manipulation
50458,102,gt,joint_dynamics,contact_manipulation,contact_manipulation
50458,103,gt,joint_dynamics,contact_manipulation,placement_release
50458,104,gt,joint_dynamics,contact_manipulation,contact_manipulation
50458,105,gt,joint_dynamics,contact_manipulation,contact_manipulation
50458,115,gt,joint_dynamics,contact_manipulation,contact_manipulation
50458,116,gt,joint_dynamics,contact_manipulation,contact_manipulation
50458,117,gt,joint_dynamics,contact_manipulation,contact_manipulation
50458,118,gt,joint_dynamics,contact_manipulation,contact_manipulation
50458,129,gt,joint_dynamics,stable_transport,free_pre
50458,130,gt,joint_dynamics,stable_transport,contact_manipulation
50458,131,gt,joint_dynamics,stable_transport,placement_release
50458,132,gt,joint_dynamics,stable_transport,placement_release
50458,133,gt,joint_dynamics,stable_transport,free_pre
50458,134,gt,joint_dynamics,stable_transport,contact_manipulation
50458,135,gt,joint_dynamics,stable_transport,stable_transport
50458,136,gt,joint_dynamics,stable_transport,stable_transport
50458,137,gt,joint_dynamics,stable_transport,free_pre
50458,138,gt,joint_dynamics,stable_transport,contact_manipulation
50458,139,gt,joint_dynamics,stable_transport,contact_manipulation
50458,140,gt,joint_dynamics,stable_transport,contact_manipulation
50458,141,gt,joint_dynamics,stable_transport,free_pre
50458,142,gt,joint_dynamics,stable_transport,free_pre
50458,146,gt,joint_dynamics,stable_transport,free_pre
50458,147,gt,joint_dynamics,stable_transport,free_pre
50458,148,gt,joint_dynamics,stable_transport,free_pre
50458,149,gt,joint_dynamics,stable_transport,free_pre
50458,150,gt,joint_dynamics,stable_transport,free_pre
50458,151,gt,joint_dynamics,stable_transport,terminal_approach
50458,152,gt,joint_dynamics,stable_transport,terminal_approach
50458,153,gt,joint_dynamics,stable_transport,terminal_approach
50458,154,gt,joint_dynamics,stable_transport,terminal_approach
50458,155,gt,joint_dynamics,stable_transport,terminal_approach
50458,156,gt,joint_dynamics,stable_transport,terminal_approach
50458,157,gt,joint_dynamics,stable_transport,free_pre
50458,158,gt,joint_dynamics,stable_transport,terminal_approach
50458,159,gt,joint_dynamics,stable_transport,terminal_approach
50458,160,gt,joint_dynamics,stable_transport,terminal_approach
50458,161,gt,joint_dynamics,stable_transport,terminal_approach
50458,162,gt,joint_dynamics,stable_transport,terminal_approach
50458,163,gt,joint_dynamics,stable_transport,terminal_approach
50458,164,gt,joint_dynamics,stable_transport,terminal_approach
50458,165,gt,joint_dynamics,stable_transport,terminal_approach
50458,166,gt,joint_dynamics,stable_transport,terminal_approach
50458,170,gt,joint_dynamics,stable_transport,terminal_approach
50458,171,gt,joint_dynamics,stable_transport,stable_transport
50458,181,gt,joint_dynamics,placement_release,contact_manipulation
1925,26,gt,gripper_only,free_pre,free_pre
1925,27,gt,gripper_only,free_pre,free_pre
1925,28,gt,gripper_only,free_pre,free_pre
1925,29,gt,gripper_only,free_pre,free_pre
1925,30,gt,gripper_only,free_pre,free_pre
1925,31,gt,gripper_only,free_pre,free_pre
1925,32,gt,gripper_only,free_pre,free_pre
1925,33,gt,gripper_only,free_pre,free_pre
1925,34,gt,gripper_only,free_pre,free_pre
1925,35,gt,gripper_only,free_pre,free_pre
1925,36,gt,gripper_only,free_pre,free_pre
1925,37,gt,gripper_only,free_pre,free_pre
1925,38,gt,gripper_only,free_pre,free_pre
1925,39,gt,gripper_only,free_pre,free_pre
1925,57,gt,gripper_only,terminal_approach,free_pre
1925,58,gt,gripper_only,terminal_approach,free_pre
1925,59,gt,gripper_only,terminal_approach,free_pre
1925,60,gt,gripper_only,terminal_approach,free_pre
1925,61,gt,gripper_only,terminal_approach,free_pre
1925,62,gt,gripper_only,terminal_approach,free_pre
1925,63,gt,gripper_only,terminal_approach,free_pre
1925,64,gt,gripper_only,terminal_approach,free_pre
1925,65,gt,gripper_only,terminal_approach,free_pre
1925,66,gt,gripper_only,terminal_approach,free_pre
1925,67,gt,gripper_only,terminal_approach,free_pre
1925,68,gt,gripper_only,terminal_approach,free_pre
1925,69,gt,gripper_only,terminal_approach,terminal_approach
1925,70,gt,gripper_only,terminal_approach,terminal_approach
1925,74,gt,gripper_only,terminal_approach,terminal_approach
1925,75,gt,gripper_only,terminal_approach,terminal_approach
1925,76,gt,gripper_only,terminal_approach,terminal_approach
1925,77,gt,gripper_only,terminal_approach,terminal_approach
1925,98,gt,gripper_only,contact_manipulation,free_pre
1925,99,gt,gripper_only,contact_manipulation,free_pre
1925,100,gt,gripper_only,contact_manipulation,free_pre
1925,101,gt,gripper_only,contact_manipulation,free_pre
1925,102,gt,gripper_only,contact_manipulation,free_pre
1925,103,gt,gripper_only,contact_manipulation,free_pre
1925,104,gt,gripper_only,contact_manipulation,free_pre
1925,105,gt,gripper_only,contact_manipulation,terminal_approach
1925,106,gt,gripper_only,contact_manipulation,terminal_approach
1925,107,gt,gripper_only,contact_manipulation,terminal_approach
1925,117,gt,gripper_only,contact_manipulation,stable_transport
1925,118,gt,gripper_only,contact_manipulation,stable_transport
1925,122,gt,gripper_only,contact_manipulation,stable_transport
1925,123,gt,gripper_only,contact_manipulation,stable_transport
1925,124,gt,gripper_only,contact_manipulation,stable_transport
1925,125,gt,gripper_only,contact_manipulation,stable_transport
1925,137,gt,gripper_only,stable_transport,stable_transport
1925,138,gt,gripper_only,stable_transport,stable_transport
1925,139,gt,gripper_only,stable_transport,stable_transport
1925,140,gt,gripper_only,stable_transport,stable_transport
1925,141,gt,gripper_only,stable_transport,stable_transport
1925,142,gt,gripper_only,stable_transport,stable_transport
1925,146,gt,gripper_only,stable_transport,stable_transport
1925,147,gt,gripper_only,stable_transport,stable_transport
1925,148,gt,gripper_only,stable_transport,stable_transport
1925,149,gt,gripper_only,stable_transport,stable_transport
1925,150,gt,gripper_only,stable_transport,stable_transport
1925,151,gt,gripper_only,stable_transport,stable_transport
1925,152,gt,gripper_only,stable_transport,stable_transport
1925,153,gt,gripper_only,stable_transport,stable_transport
1925,154,gt,gripper_only,stable_transport,stable_transport
1925,155,gt,gripper_only,stable_transport,stable_transport
1925,156,gt,gripper_only,stable_transport,stable_transport
1925,157,gt,gripper_only,stable_transport,stable_transport
1925,158,gt,gripper_only,stable_transport,stable_transport
1925,159,gt,gripper_only,stable_transport,stable_transport
1925,160,gt,gripper_only,stable_transport,stable_transport
1925,161,gt,gripper_only,stable_transport,stable_transport
1925,162,gt,gripper_only,stable_transport,stable_transport
1925,163,gt,gripper_only,stable_transport,stable_transport
1925,164,gt,gripper_only,stable_transport,stable_transport
1925,165,gt,gripper_only,stable_transport,stable_transport
1925,166,gt,gripper_only,stable_transport,stable_transport
1925,170,gt,gripper_only,stable_transport,stable_transport
1925,171,gt,gripper_only,stable_transport,stable_transport
1925,172,gt,gripper_only,stable_transport,stable_transport
1925,173,gt,gripper_only,stable_transport,stable_transport
1925,174,gt,gripper_only,stable_transport,stable_transport
1925,175,gt,gripper_only,stable_transport,stable_transport
1925,176,gt,gripper_only,stable_transport,stable_transport
1925,177,gt,gripper_only,stable_transport,stable_transport
16001,26,gt,gripper_only,free_pre,free_pre
16001,27,gt,gripper_only,free_pre,free_pre
16001,28,gt,gripper_only,free_pre,free_pre
16001,29,gt,gripper_only,free_pre,free_pre
16001,30,gt,gripper_only,free_pre,free_pre
16001,31,gt,gripper_only,free_pre,free_pre
16001,50,gt,gripper_only,terminal_approach,free_pre
16001,51,gt,gripper_only,terminal_approach,free_pre
16001,52,gt,gripper_only,terminal_approach,free_pre
16001,53,gt,gripper_only,terminal_approach,free_pre
16001,54,gt,gripper_only,terminal_approach,free_pre
16001,55,gt,gripper_only,terminal_approach,free_pre
16001,56,gt,gripper_only,terminal_approach,free_pre
16001,57,gt,gripper_only,terminal_approach,free_pre
16001,58,gt,gripper_only,terminal_approach,free_pre
16001,59,gt,gripper_only,terminal_approach,free_pre
16001,60,gt,gripper_only,terminal_approach,free_pre
16001,61,gt,gripper_only,terminal_approach,free_pre
16001,87,gt,gripper_only,contact_manipulation,terminal_approach
16001,88,gt,gripper_only,contact_manipulation,contact_manipulation
16001,89,gt,gripper_only,contact_manipulation,contact_manipulation
16001,90,gt,gripper_only,contact_manipulation,contact_manipulation
16001,91,gt,gripper_only,contact_manipulation,contact_manipulation
16001,92,gt,gripper_only,contact_manipulation,contact_manipulation
16001,93,gt,gripper_only,contact_manipulation,contact_manipulation
16001,94,gt,gripper_only,contact_manipulation,contact_manipulation
16001,98,gt,gripper_only,contact_manipulation,contact_manipulation
16001,99,gt,gripper_only,contact_manipulation,contact_manipulation
16001,100,gt,gripper_only,contact_manipulation,contact_manipulation
16001,101,gt,gripper_only,contact_manipulation,contact_manipulation
16001,102,gt,gripper_only,contact_manipulation,contact_manipulation
16001,103,gt,gripper_only,contact_manipulation,contact_manipulation
16001,104,gt,gripper_only,contact_manipulation,contact_manipulation
16001,105,gt,gripper_only,contact_manipulation,contact_manipulation
16001,106,gt,gripper_only,contact_manipulation,contact_manipulation
16001,107,gt,gripper_only,contact_manipulation,contact_manipulation
16001,108,gt,gripper_only,contact_manipulation,contact_manipulation
16001,109,gt,gripper_only,contact_manipulation,contact_manipulation
16001,110,gt,gripper_only,contact_manipulation,contact_manipulation
16001,111,gt,gripper_only,contact_manipulation,contact_manipulation
16001,112,gt,gripper_only,contact_manipulation,contact_manipulation
16001,113,gt,gripper_only,contact_manipulation,contact_manipulation
16001,114,gt,gripper_only,contact_manipulation,contact_manipulation
16001,115,gt,gripper_only,contact_manipulation,contact_manipulation
16001,116,gt,gripper_only,contact_manipulation,contact_manipulation
16001,117,gt,gripper_only,contact_manipulation,contact_manipulation
16001,118,gt,gripper_only,contact_manipulation,contact_manipulation
16001,122,gt,gripper_only,contact_manipulation,free_pre
16001,123,gt,gripper_only,contact_manipulation,free_pre
16001,124,gt,gripper_only,contact_manipulation,contact_manipulation
16001,125,gt,gripper_only,contact_manipulation,terminal_approach
16001,126,gt,gripper_only,contact_manipulation,terminal_approach
16001,127,gt,gripper_only,contact_manipulation,contact_manipulation
16001,128,gt,gripper_only,contact_manipulation,contact_manipulation
16001,129,gt,gripper_only,contact_manipulation,contact_manipulation
16001,130,gt,gripper_only,contact_manipulation,stable_transport
16001,131,gt,gripper_only,contact_manipulation,contact_manipulation
16001,132,gt,gripper_only,contact_manipulation,contact_manipulation
16001,133,gt,gripper_only,contact_manipulation,contact_manipulation
16001,134,gt,gripper_only,contact_manipulation,contact_manipulation
16001,135,gt,gripper_only,contact_manipulation,contact_manipulation
16001,136,gt,gripper_only,contact_manipulation,contact_manipulation
16001,137,gt,gripper_only,contact_manipulation,contact_manipulation
16001,138,gt,gripper_only,contact_manipulation,contact_manipulation
16001,139,gt,gripper_only,contact_manipulation,contact_manipulation
16001,140,gt,gripper_only,contact_manipulation,contact_manipulation
16001,141,gt,gripper_only,contact_manipulation,contact_manipulation
16001,142,gt,gripper_only,contact_manipulation,contact_manipulation
16001,146,gt,gripper_only,contact_manipulation,contact_manipulation
16001,147,gt,gripper_only,contact_manipulation,contact_manipulation
16001,163,gt,gripper_only,placement_release,contact_manipulation
16001,164,gt,gripper_only,placement_release,contact_manipulation
16001,165,gt,gripper_only,placement_release,contact_manipulation
16001,166,gt,gripper_only,placement_release,contact_manipulation
16001,170,gt,gripper_only,placement_release,contact_manipulation
16001,171,gt,gripper_only,placement_release,contact_manipulation
16001,172,gt,gripper_only,placement_release,contact_manipulation
16001,173,gt,gripper_only,placement_release,contact_manipulation
16001,174,gt,gripper_only,placement_release,stable_transport
16001,175,gt,gripper_only,placement_release,free_pre
16001,176,gt,gripper_only,placement_release,free_pre
16001,177,gt,gripper_only,placement_release,free_pre
16001,178,gt,gripper_only,placement_release,free_pre
16001,179,gt,gripper_only,placement_release,free_pre
16001,189,gt,gripper_only,placement_release,free_pre
16001,190,gt,gripper_only,placement_release,free_pre
50458,26,gt,gripper_only,free_pre,free_pre
50458,27,gt,gripper_only,free_pre,free_pre
50458,28,gt,gripper_only,free_pre,free_pre
50458,29,gt,gripper_only,free_pre,free_pre
50458,30,gt,gripper_only,free_pre,free_pre
50458,31,gt,gripper_only,free_pre,free_pre
50458,32,gt,gripper_only,free_pre,free_pre
50458,33,gt,gripper_only,free_pre,free_pre
50458,34,gt,gripper_only,free_pre,free_pre
50458,35,gt,gripper_only,free_pre,free_pre
50458,53,gt,gripper_only,terminal_approach,placement_release
50458,54,gt,gripper_only,terminal_approach,placement_release
50458,55,gt,gripper_only,terminal_approach,placement_release
50458,56,gt,gripper_only,terminal_approach,placement_release
50458,57,gt,gripper_only,terminal_approach,placement_release
50458,58,gt,gripper_only,terminal_approach,contact_manipulation
50458,59,gt,gripper_only,terminal_approach,contact_manipulation
50458,60,gt,gripper_only,terminal_approach,contact_manipulation
50458,61,gt,gripper_only,terminal_approach,contact_manipulation
50458,62,gt,gripper_only,terminal_approach,contact_manipulation
50458,63,gt,gripper_only,terminal_approach,contact_manipulation
50458,75,gt,gripper_only,contact_manipulation,contact_manipulation
50458,76,gt,gripper_only,contact_manipulation,contact_manipulation
50458,77,gt,gripper_only,contact_manipulation,placement_release
50458,78,gt,gripper_only,contact_manipulation,contact_manipulation
50458,79,gt,gripper_only,contact_manipulation,contact_manipulation
50458,80,gt,gripper_only,contact_manipulation,contact_manipulation
50458,81,gt,gripper_only,contact_manipulation,contact_manipulation
50458,82,gt,gripper_only,contact_manipulation,contact_manipulation
50458,83,gt,gripper_only,contact_manipulation,contact_manipulation
50458,84,gt,gripper_only,contact_manipulation,contact_manipulation
50458,85,gt,gripper_only,contact_manipulation,contact_manipulation
50458,86,gt,gripper_only,contact_manipulation,contact_manipulation
50458,87,gt,gripper_only,contact_manipulation,contact_manipulation
50458,88,gt,gripper_only,contact_manipulation,contact_manipulation
50458,89,gt,gripper_only,contact_manipulation,contact_manipulation
50458,90,gt,gripper_only,contact_manipulation,contact_manipulation
50458,91,gt,gripper_only,contact_manipulation,contact_manipulation
50458,92,gt,gripper_only,contact_manipulation,contact_manipulation
50458,93,gt,gripper_only,contact_manipulation,contact_manipulation
50458,94,gt,gripper_only,contact_manipulation,contact_manipulation
50458,98,gt,gripper_only,contact_manipulation,stable_transport
50458,99,gt,gripper_only,contact_manipulation,stable_transport
50458,100,gt,gripper_only,contact_manipulation,stable_transport
50458,101,gt,gripper_only,contact_manipulation,stable_transport
50458,102,gt,gripper_only,contact_manipulation,stable_transport
50458,103,gt,gripper_only,contact_manipulation,stable_transport
50458,104,gt,gripper_only,contact_manipulation,stable_transport
50458,105,gt,gripper_only,contact_manipulation,stable_transport
50458,115,gt,gripper_only,contact_manipulation,stable_transport
50458,116,gt,gripper_only,contact_manipulation,stable_transport
50458,117,gt,gripper_only,contact_manipulation,stable_transport
50458,118,gt,gripper_only,contact_manipulation,stable_transport
50458,129,gt,gripper_only,stable_transport,stable_transport
50458,130,gt,gripper_only,stable_transport,stable_transport
50458,131,gt,gripper_only,stable_transport,stable_transport
50458,132,gt,gripper_only,stable_transport,stable_transport
50458,133,gt,gripper_only,stable_transport,stable_transport
50458,134,gt,gripper_only,stable_transport,placement_release
50458,135,gt,gripper_only,stable_transport,placement_release
50458,136,gt,gripper_only,stable_transport,contact_manipulation
50458,137,gt,gripper_only,stable_transport,placement_release
50458,138,gt,gripper_only,stable_transport,contact_manipulation
50458,139,gt,gripper_only,stable_transport,contact_manipulation
50458,140,gt,gripper_only,stable_transport,contact_manipulation
50458,141,gt,gripper_only,stable_transport,stable_transport
50458,142,gt,gripper_only,stable_transport,stable_transport
50458,146,gt,gripper_only,stable_transport,stable_transport
50458,147,gt,gripper_only,stable_transport,stable_transport
50458,148,gt,gripper_only,stable_transport,stable_transport
50458,149,gt,gripper_only,stable_transport,stable_transport
50458,150,gt,gripper_only,stable_transport,stable_transport
50458,151,gt,gripper_only,stable_transport,stable_transport
50458,152,gt,gripper_only,stable_transport,stable_transport
50458,153,gt,gripper_only,stable_transport,stable_transport
50458,154,gt,gripper_only,stable_transport,stable_transport
50458,155,gt,gripper_only,stable_transport,stable_transport
50458,156,gt,gripper_only,stable_transport,stable_transport
50458,157,gt,gripper_only,stable_transport,stable_transport
50458,158,gt,gripper_only,stable_transport,stable_transport
50458,159,gt,gripper_only,stable_transport,stable_transport
50458,160,gt,gripper_only,stable_transport,stable_transport
50458,161,gt,gripper_only,stable_transport,stable_transport
50458,162,gt,gripper_only,stable_transport,stable_transport
50458,163,gt,gripper_only,stable_transport,stable_transport
50458,164,gt,gripper_only,stable_transport,stable_transport
50458,165,gt,gripper_only,stable_transport,stable_transport
50458,166,gt,gripper_only,stable_transport,stable_transport
50458,170,gt,gripper_only,stable_transport,placement_release
50458,171,gt,gripper_only,stable_transport,placement_release
50458,181,gt,gripper_only,placement_release,free_pre
1925,26,gt,joint_gripper,free_pre,terminal_approach
1925,27,gt,joint_gripper,free_pre,terminal_approach
1925,28,gt,joint_gripper,free_pre,terminal_approach
1925,29,gt,joint_gripper,free_pre,terminal_approach
1925,30,gt,joint_gripper,free_pre,terminal_approach
1925,31,gt,joint_gripper,free_pre,terminal_approach
1925,32,gt,joint_gripper,free_pre,free_pre
1925,33,gt,joint_gripper,free_pre,free_pre
1925,34,gt,joint_gripper,free_pre,free_pre
1925,35,gt,joint_gripper,free_pre,free_pre
1925,36,gt,joint_gripper,free_pre,free_pre
1925,37,gt,joint_gripper,free_pre,free_pre
1925,38,gt,joint_gripper,free_pre,free_pre
1925,39,gt,joint_gripper,free_pre,free_pre
1925,57,gt,joint_gripper,terminal_approach,free_pre
1925,58,gt,joint_gripper,terminal_approach,free_pre
1925,59,gt,joint_gripper,terminal_approach,free_pre
1925,60,gt,joint_gripper,terminal_approach,free_pre
1925,61,gt,joint_gripper,terminal_approach,free_pre
1925,62,gt,joint_gripper,terminal_approach,free_pre
1925,63,gt,joint_gripper,terminal_approach,free_pre
1925,64,gt,joint_gripper,terminal_approach,free_pre
1925,65,gt,joint_gripper,terminal_approach,free_pre
1925,66,gt,joint_gripper,terminal_approach,free_pre
1925,67,gt,joint_gripper,terminal_approach,free_pre
1925,68,gt,joint_gripper,terminal_approach,free_pre
1925,69,gt,joint_gripper,terminal_approach,free_pre
1925,70,gt,joint_gripper,terminal_approach,free_pre
1925,74,gt,joint_gripper,terminal_approach,free_pre
1925,75,gt,joint_gripper,terminal_approach,placement_release
1925,76,gt,joint_gripper,terminal_approach,placement_release
1925,77,gt,joint_gripper,terminal_approach,contact_manipulation
1925,98,gt,joint_gripper,contact_manipulation,free_pre
1925,99,gt,joint_gripper,contact_manipulation,free_pre
1925,100,gt,joint_gripper,contact_manipulation,free_pre
1925,101,gt,joint_gripper,contact_manipulation,free_pre
1925,102,gt,joint_gripper,contact_manipulation,free_pre
1925,103,gt,joint_gripper,contact_manipulation,free_pre
1925,104,gt,joint_gripper,contact_manipulation,free_pre
1925,105,gt,joint_gripper,contact_manipulation,free_pre
1925,106,gt,joint_gripper,contact_manipulation,free_pre
1925,107,gt,joint_gripper,contact_manipulation,contact_manipulation
1925,117,gt,joint_gripper,contact_manipulation,contact_manipulation
1925,118,gt,joint_gripper,contact_manipulation,contact_manipulation
1925,122,gt,joint_gripper,contact_manipulation,contact_manipulation
1925,123,gt,joint_gripper,contact_manipulation,contact_manipulation
1925,124,gt,joint_gripper,contact_manipulation,contact_manipulation
1925,125,gt,joint_gripper,contact_manipulation,contact_manipulation
1925,137,gt,joint_gripper,stable_transport,contact_manipulation
1925,138,gt,joint_gripper,stable_transport,contact_manipulation
1925,139,gt,joint_gripper,stable_transport,contact_manipulation
1925,140,gt,joint_gripper,stable_transport,contact_manipulation
1925,141,gt,joint_gripper,stable_transport,stable_transport
1925,142,gt,joint_gripper,stable_transport,stable_transport
1925,146,gt,joint_gripper,stable_transport,stable_transport
1925,147,gt,joint_gripper,stable_transport,contact_manipulation
1925,148,gt,joint_gripper,stable_transport,stable_transport
1925,149,gt,joint_gripper,stable_transport,stable_transport
1925,150,gt,joint_gripper,stable_transport,stable_transport
1925,151,gt,joint_gripper,stable_transport,stable_transport
1925,152,gt,joint_gripper,stable_transport,stable_transport
1925,153,gt,joint_gripper,stable_transport,stable_transport
1925,154,gt,joint_gripper,stable_transport,stable_transport
1925,155,gt,joint_gripper,stable_transport,stable_transport
1925,156,gt,joint_gripper,stable_transport,stable_transport
1925,157,gt,joint_gripper,stable_transport,stable_transport
1925,158,gt,joint_gripper,stable_transport,stable_transport
1925,159,gt,joint_gripper,stable_transport,stable_transport
1925,160,gt,joint_gripper,stable_transport,stable_transport
1925,161,gt,joint_gripper,stable_transport,stable_transport
1925,162,gt,joint_gripper,stable_transport,stable_transport
1925,163,gt,joint_gripper,stable_transport,stable_transport
1925,164,gt,joint_gripper,stable_transport,stable_transport
1925,165,gt,joint_gripper,stable_transport,stable_transport
1925,166,gt,joint_gripper,stable_transport,stable_transport
1925,170,gt,joint_gripper,stable_transport,stable_transport
1925,171,gt,joint_gripper,stable_transport,contact_manipulation
1925,172,gt,joint_gripper,stable_transport,contact_manipulation
1925,173,gt,joint_gripper,stable_transport,contact_manipulation
1925,174,gt,joint_gripper,stable_transport,contact_manipulation
1925,175,gt,joint_gripper,stable_transport,contact_manipulation
1925,176,gt,joint_gripper,stable_transport,contact_manipulation
1925,177,gt,joint_gripper,stable_transport,stable_transport
16001,26,gt,joint_gripper,free_pre,terminal_approach
16001,27,gt,joint_gripper,free_pre,free_pre
16001,28,gt,joint_gripper,free_pre,terminal_approach
16001,29,gt,joint_gripper,free_pre,terminal_approach
16001,30,gt,joint_gripper,free_pre,terminal_approach
16001,31,gt,joint_gripper,free_pre,free_pre
16001,50,gt,joint_gripper,terminal_approach,terminal_approach
16001,51,gt,joint_gripper,terminal_approach,terminal_approach
16001,52,gt,joint_gripper,terminal_approach,terminal_approach
16001,53,gt,joint_gripper,terminal_approach,terminal_approach
16001,54,gt,joint_gripper,terminal_approach,terminal_approach
16001,55,gt,joint_gripper,terminal_approach,terminal_approach
16001,56,gt,joint_gripper,terminal_approach,terminal_approach
16001,57,gt,joint_gripper,terminal_approach,terminal_approach
16001,58,gt,joint_gripper,terminal_approach,terminal_approach
16001,59,gt,joint_gripper,terminal_approach,terminal_approach
16001,60,gt,joint_gripper,terminal_approach,terminal_approach
16001,61,gt,joint_gripper,terminal_approach,terminal_approach
16001,87,gt,joint_gripper,contact_manipulation,contact_manipulation
16001,88,gt,joint_gripper,contact_manipulation,contact_manipulation
16001,89,gt,joint_gripper,contact_manipulation,contact_manipulation
16001,90,gt,joint_gripper,contact_manipulation,contact_manipulation
16001,91,gt,joint_gripper,contact_manipulation,contact_manipulation
16001,92,gt,joint_gripper,contact_manipulation,contact_manipulation
16001,93,gt,joint_gripper,contact_manipulation,contact_manipulation
16001,94,gt,joint_gripper,contact_manipulation,contact_manipulation
16001,98,gt,joint_gripper,contact_manipulation,contact_manipulation
16001,99,gt,joint_gripper,contact_manipulation,contact_manipulation
16001,100,gt,joint_gripper,contact_manipulation,contact_manipulation
16001,101,gt,joint_gripper,contact_manipulation,contact_manipulation
16001,102,gt,joint_gripper,contact_manipulation,placement_release
16001,103,gt,joint_gripper,contact_manipulation,placement_release
16001,104,gt,joint_gripper,contact_manipulation,placement_release
16001,105,gt,joint_gripper,contact_manipulation,placement_release
16001,106,gt,joint_gripper,contact_manipulation,placement_release
16001,107,gt,joint_gripper,contact_manipulation,placement_release
16001,108,gt,joint_gripper,contact_manipulation,placement_release
16001,109,gt,joint_gripper,contact_manipulation,placement_release
16001,110,gt,joint_gripper,contact_manipulation,placement_release
16001,111,gt,joint_gripper,contact_manipulation,free_pre
16001,112,gt,joint_gripper,contact_manipulation,placement_release
16001,113,gt,joint_gripper,contact_manipulation,free_pre
16001,114,gt,joint_gripper,contact_manipulation,contact_manipulation
16001,115,gt,joint_gripper,contact_manipulation,contact_manipulation
16001,116,gt,joint_gripper,contact_manipulation,contact_manipulation
16001,117,gt,joint_gripper,contact_manipulation,contact_manipulation
16001,118,gt,joint_gripper,contact_manipulation,contact_manipulation
16001,122,gt,joint_gripper,contact_manipulation,stable_transport
16001,123,gt,joint_gripper,contact_manipulation,terminal_approach
16001,124,gt,joint_gripper,contact_manipulation,placement_release
16001,125,gt,joint_gripper,contact_manipulation,contact_manipulation
16001,126,gt,joint_gripper,contact_manipulation,contact_manipulation
16001,127,gt,joint_gripper,contact_manipulation,stable_transport
16001,128,gt,joint_gripper,contact_manipulation,contact_manipulation
16001,129,gt,joint_gripper,contact_manipulation,contact_manipulation
16001,130,gt,joint_gripper,contact_manipulation,stable_transport
16001,131,gt,joint_gripper,contact_manipulation,stable_transport
16001,132,gt,joint_gripper,contact_manipulation,stable_transport
16001,133,gt,joint_gripper,contact_manipulation,stable_transport
16001,134,gt,joint_gripper,contact_manipulation,stable_transport
16001,135,gt,joint_gripper,contact_manipulation,terminal_approach
16001,136,gt,joint_gripper,contact_manipulation,terminal_approach
16001,137,gt,joint_gripper,contact_manipulation,terminal_approach
16001,138,gt,joint_gripper,contact_manipulation,terminal_approach
16001,139,gt,joint_gripper,contact_manipulation,contact_manipulation
16001,140,gt,joint_gripper,contact_manipulation,contact_manipulation
16001,141,gt,joint_gripper,contact_manipulation,terminal_approach
16001,142,gt,joint_gripper,contact_manipulation,terminal_approach
16001,146,gt,joint_gripper,contact_manipulation,terminal_approach
16001,147,gt,joint_gripper,contact_manipulation,terminal_approach
16001,163,gt,joint_gripper,placement_release,terminal_approach
16001,164,gt,joint_gripper,placement_release,terminal_approach
16001,165,gt,joint_gripper,placement_release,terminal_approach
16001,166,gt,joint_gripper,placement_release,terminal_approach
16001,170,gt,joint_gripper,placement_release,contact_manipulation
16001,171,gt,joint_gripper,placement_release,stable_transport
16001,172,gt,joint_gripper,placement_release,contact_manipulation
16001,173,gt,joint_gripper,placement_release,contact_manipulation
16001,174,gt,joint_gripper,placement_release,stable_transport
16001,175,gt,joint_gripper,placement_release,stable_transport
16001,176,gt,joint_gripper,placement_release,free_pre
16001,177,gt,joint_gripper,placement_release,free_pre
16001,178,gt,joint_gripper,placement_release,free_pre
16001,179,gt,joint_gripper,placement_release,free_pre
16001,189,gt,joint_gripper,placement_release,placement_release
16001,190,gt,joint_gripper,placement_release,placement_release
50458,26,gt,joint_gripper,free_pre,terminal_approach
50458,27,gt,joint_gripper,free_pre,terminal_approach
50458,28,gt,joint_gripper,free_pre,free_pre
50458,29,gt,joint_gripper,free_pre,contact_manipulation
50458,30,gt,joint_gripper,free_pre,placement_release
50458,31,gt,joint_gripper,free_pre,contact_manipulation
50458,32,gt,joint_gripper,free_pre,free_pre
50458,33,gt,joint_gripper,free_pre,free_pre
50458,34,gt,joint_gripper,free_pre,free_pre
50458,35,gt,joint_gripper,free_pre,free_pre
50458,53,gt,joint_gripper,terminal_approach,terminal_approach
50458,54,gt,joint_gripper,terminal_approach,terminal_approach
50458,55,gt,joint_gripper,terminal_approach,terminal_approach
50458,56,gt,joint_gripper,terminal_approach,contact_manipulation
50458,57,gt,joint_gripper,terminal_approach,terminal_approach
50458,58,gt,joint_gripper,terminal_approach,terminal_approach
50458,59,gt,joint_gripper,terminal_approach,terminal_approach
50458,60,gt,joint_gripper,terminal_approach,terminal_approach
50458,61,gt,joint_gripper,terminal_approach,terminal_approach
50458,62,gt,joint_gripper,terminal_approach,terminal_approach
50458,63,gt,joint_gripper,terminal_approach,terminal_approach
50458,75,gt,joint_gripper,contact_manipulation,contact_manipulation
50458,76,gt,joint_gripper,contact_manipulation,contact_manipulation
50458,77,gt,joint_gripper,contact_manipulation,contact_manipulation
50458,78,gt,joint_gripper,contact_manipulation,placement_release
50458,79,gt,joint_gripper,contact_manipulation,placement_release
50458,80,gt,joint_gripper,contact_manipulation,placement_release
50458,81,gt,joint_gripper,contact_manipulation,placement_release
50458,82,gt,joint_gripper,contact_manipulation,placement_release
50458,83,gt,joint_gripper,contact_manipulation,placement_release
50458,84,gt,joint_gripper,contact_manipulation,placement_release
50458,85,gt,joint_gripper,contact_manipulation,placement_release
50458,86,gt,joint_gripper,contact_manipulation,placement_release
50458,87,gt,joint_gripper,contact_manipulation,placement_release
50458,88,gt,joint_gripper,contact_manipulation,placement_release
50458,89,gt,joint_gripper,contact_manipulation,placement_release
50458,90,gt,joint_gripper,contact_manipulation,contact_manipulation
50458,91,gt,joint_gripper,contact_manipulation,contact_manipulation
50458,92,gt,joint_gripper,contact_manipulation,contact_manipulation
50458,93,gt,joint_gripper,contact_manipulation,contact_manipulation
50458,94,gt,joint_gripper,contact_manipulation,contact_manipulation
50458,98,gt,joint_gripper,contact_manipulation,stable_transport
50458,99,gt,joint_gripper,contact_manipulation,contact_manipulation
50458,100,gt,joint_gripper,contact_manipulation,contact_manipulation
50458,101,gt,joint_gripper,contact_manipulation,contact_manipulation
50458,102,gt,joint_gripper,contact_manipulation,contact_manipulation
50458,103,gt,joint_gripper,contact_manipulation,placement_release
50458,104,gt,joint_gripper,contact_manipulation,contact_manipulation
50458,105,gt,joint_gripper,contact_manipulation,contact_manipulation
50458,115,gt,joint_gripper,contact_manipulation,contact_manipulation
50458,116,gt,joint_gripper,contact_manipulation,contact_manipulation
50458,117,gt,joint_gripper,contact_manipulation,contact_manipulation
50458,118,gt,joint_gripper,contact_manipulation,contact_manipulation
50458,129,gt,joint_gripper,stable_transport,contact_manipulation
50458,130,gt,joint_gripper,stable_transport,contact_manipulation
50458,131,gt,joint_gripper,stable_transport,contact_manipulation
50458,132,gt,joint_gripper,stable_transport,contact_manipulation
50458,133,gt,joint_gripper,stable_transport,contact_manipulation
50458,134,gt,joint_gripper,stable_transport,contact_manipulation
50458,135,gt,joint_gripper,stable_transport,placement_release
50458,136,gt,joint_gripper,stable_transport,stable_transport
50458,137,gt,joint_gripper,stable_transport,contact_manipulation
50458,138,gt,joint_gripper,stable_transport,contact_manipulation
50458,139,gt,joint_gripper,stable_transport,contact_manipulation
50458,140,gt,joint_gripper,stable_transport,contact_manipulation
50458,141,gt,joint_gripper,stable_transport,contact_manipulation
50458,142,gt,joint_gripper,stable_transport,stable_transport
50458,146,gt,joint_gripper,stable_transport,stable_transport
50458,147,gt,joint_gripper,stable_transport,stable_transport
50458,148,gt,joint_gripper,stable_transport,stable_transport
50458,149,gt,joint_gripper,stable_transport,stable_transport
50458,150,gt,joint_gripper,stable_transport,stable_transport
50458,151,gt,joint_gripper,stable_transport,stable_transport
50458,152,gt,joint_gripper,stable_transport,stable_transport
50458,153,gt,joint_gripper,stable_transport,stable_transport
50458,154,gt,joint_gripper,stable_transport,stable_transport
50458,155,gt,joint_gripper,stable_transport,stable_transport
50458,156,gt,joint_gripper,stable_transport,stable_transport
50458,157,gt,joint_gripper,stable_transport,stable_transport
50458,158,gt,joint_gripper,stable_transport,stable_transport
50458,159,gt,joint_gripper,stable_transport,stable_transport
50458,160,gt,joint_gripper,stable_transport,stable_transport
50458,161,gt,joint_gripper,stable_transport,stable_transport
50458,162,gt,joint_gripper,stable_transport,stable_transport
50458,163,gt,joint_gripper,stable_transport,stable_transport
50458,164,gt,joint_gripper,stable_transport,stable_transport
50458,165,gt,joint_gripper,stable_transport,stable_transport
50458,166,gt,joint_gripper,stable_transport,stable_transport
50458,170,gt,joint_gripper,stable_transport,placement_release
50458,171,gt,joint_gripper,stable_transport,placement_release
50458,181,gt,joint_gripper,placement_release,contact_manipulation
1925,26,gt,joint_window9,free_pre,terminal_approach
1925,27,gt,joint_window9,free_pre,stable_transport
1925,28,gt,joint_window9,free_pre,stable_transport
1925,29,gt,joint_window9,free_pre,stable_transport
1925,30,gt,joint_window9,free_pre,stable_transport
1925,31,gt,joint_window9,free_pre,stable_transport
1925,32,gt,joint_window9,free_pre,stable_transport
1925,33,gt,joint_window9,free_pre,stable_transport
1925,34,gt,joint_window9,free_pre,stable_transport
1925,35,gt,joint_window9,free_pre,stable_transport
1925,36,gt,joint_window9,free_pre,stable_transport
1925,37,gt,joint_window9,free_pre,stable_transport
1925,38,gt,joint_window9,free_pre,stable_transport
1925,39,gt,joint_window9,free_pre,stable_transport
1925,57,gt,joint_window9,terminal_approach,contact_manipulation
1925,58,gt,joint_window9,terminal_approach,contact_manipulation
1925,59,gt,joint_window9,terminal_approach,contact_manipulation
1925,60,gt,joint_window9,terminal_approach,contact_manipulation
1925,61,gt,joint_window9,terminal_approach,contact_manipulation
1925,62,gt,joint_window9,terminal_approach,contact_manipulation
1925,63,gt,joint_window9,terminal_approach,contact_manipulation
1925,64,gt,joint_window9,terminal_approach,contact_manipulation
1925,65,gt,joint_window9,terminal_approach,contact_manipulation
1925,66,gt,joint_window9,terminal_approach,contact_manipulation
1925,67,gt,joint_window9,terminal_approach,contact_manipulation
1925,68,gt,joint_window9,terminal_approach,contact_manipulation
1925,69,gt,joint_window9,terminal_approach,contact_manipulation
1925,70,gt,joint_window9,terminal_approach,contact_manipulation
1925,74,gt,joint_window9,terminal_approach,contact_manipulation
1925,75,gt,joint_window9,terminal_approach,contact_manipulation
1925,76,gt,joint_window9,terminal_approach,contact_manipulation
1925,77,gt,joint_window9,terminal_approach,contact_manipulation
1925,98,gt,joint_window9,contact_manipulation,contact_manipulation
1925,99,gt,joint_window9,contact_manipulation,contact_manipulation
1925,100,gt,joint_window9,contact_manipulation,contact_manipulation
1925,101,gt,joint_window9,contact_manipulation,contact_manipulation
1925,102,gt,joint_window9,contact_manipulation,contact_manipulation
1925,103,gt,joint_window9,contact_manipulation,contact_manipulation
1925,104,gt,joint_window9,contact_manipulation,contact_manipulation
1925,105,gt,joint_window9,contact_manipulation,contact_manipulation
1925,106,gt,joint_window9,contact_manipulation,contact_manipulation
1925,107,gt,joint_window9,contact_manipulation,contact_manipulation
1925,117,gt,joint_window9,contact_manipulation,contact_manipulation
1925,118,gt,joint_window9,contact_manipulation,contact_manipulation
1925,122,gt,joint_window9,contact_manipulation,placement_release
1925,123,gt,joint_window9,contact_manipulation,placement_release
1925,124,gt,joint_window9,contact_manipulation,placement_release
1925,125,gt,joint_window9,contact_manipulation,placement_release
1925,137,gt,joint_window9,stable_transport,stable_transport
1925,138,gt,joint_window9,stable_transport,contact_manipulation
1925,139,gt,joint_window9,stable_transport,contact_manipulation
1925,140,gt,joint_window9,stable_transport,contact_manipulation
1925,141,gt,joint_window9,stable_transport,contact_manipulation
1925,142,gt,joint_window9,stable_transport,contact_manipulation
1925,146,gt,joint_window9,stable_transport,stable_transport
1925,147,gt,joint_window9,stable_transport,stable_transport
1925,148,gt,joint_window9,stable_transport,stable_transport
1925,149,gt,joint_window9,stable_transport,contact_manipulation
1925,150,gt,joint_window9,stable_transport,contact_manipulation
1925,151,gt,joint_window9,stable_transport,contact_manipulation
1925,152,gt,joint_window9,stable_transport,contact_manipulation
1925,153,gt,joint_window9,stable_transport,contact_manipulation
1925,154,gt,joint_window9,stable_transport,contact_manipulation
1925,155,gt,joint_window9,stable_transport,contact_manipulation
1925,156,gt,joint_window9,stable_transport,contact_manipulation
1925,157,gt,joint_window9,stable_transport,terminal_approach
1925,158,gt,joint_window9,stable_transport,terminal_approach
1925,159,gt,joint_window9,stable_transport,terminal_approach
1925,160,gt,joint_window9,stable_transport,terminal_approach
1925,161,gt,joint_window9,stable_transport,terminal_approach
1925,162,gt,joint_window9,stable_transport,terminal_approach
1925,163,gt,joint_window9,stable_transport,terminal_approach
1925,164,gt,joint_window9,stable_transport,terminal_approach
1925,165,gt,joint_window9,stable_transport,contact_manipulation
1925,166,gt,joint_window9,stable_transport,contact_manipulation
1925,170,gt,joint_window9,stable_transport,placement_release
1925,171,gt,joint_window9,stable_transport,placement_release
1925,172,gt,joint_window9,stable_transport,placement_release
1925,173,gt,joint_window9,stable_transport,placement_release
1925,174,gt,joint_window9,stable_transport,placement_release
1925,175,gt,joint_window9,stable_transport,contact_manipulation
1925,176,gt,joint_window9,stable_transport,contact_manipulation
1925,177,gt,joint_window9,stable_transport,contact_manipulation
16001,26,gt,joint_window9,free_pre,stable_transport
16001,27,gt,joint_window9,free_pre,free_pre
16001,28,gt,joint_window9,free_pre,free_pre
16001,29,gt,joint_window9,free_pre,stable_transport
16001,30,gt,joint_window9,free_pre,stable_transport
16001,31,gt,joint_window9,free_pre,stable_transport
16001,50,gt,joint_window9,terminal_approach,stable_transport
16001,51,gt,joint_window9,terminal_approach,stable_transport
16001,52,gt,joint_window9,terminal_approach,stable_transport
16001,53,gt,joint_window9,terminal_approach,stable_transport
16001,54,gt,joint_window9,terminal_approach,stable_transport
16001,55,gt,joint_window9,terminal_approach,stable_transport
16001,56,gt,joint_window9,terminal_approach,stable_transport
16001,57,gt,joint_window9,terminal_approach,stable_transport
16001,58,gt,joint_window9,terminal_approach,stable_transport
16001,59,gt,joint_window9,terminal_approach,stable_transport
16001,60,gt,joint_window9,terminal_approach,stable_transport
16001,61,gt,joint_window9,terminal_approach,stable_transport
16001,87,gt,joint_window9,contact_manipulation,stable_transport
16001,88,gt,joint_window9,contact_manipulation,stable_transport
16001,89,gt,joint_window9,contact_manipulation,stable_transport
16001,90,gt,joint_window9,contact_manipulation,placement_release
16001,91,gt,joint_window9,contact_manipulation,placement_release
16001,92,gt,joint_window9,contact_manipulation,placement_release
16001,93,gt,joint_window9,contact_manipulation,contact_manipulation
16001,94,gt,joint_window9,contact_manipulation,contact_manipulation
16001,98,gt,joint_window9,contact_manipulation,contact_manipulation
16001,99,gt,joint_window9,contact_manipulation,contact_manipulation
16001,100,gt,joint_window9,contact_manipulation,placement_release
16001,101,gt,joint_window9,contact_manipulation,placement_release
16001,102,gt,joint_window9,contact_manipulation,placement_release
16001,103,gt,joint_window9,contact_manipulation,placement_release
16001,104,gt,joint_window9,contact_manipulation,placement_release
16001,105,gt,joint_window9,contact_manipulation,placement_release
16001,106,gt,joint_window9,contact_manipulation,placement_release
16001,107,gt,joint_window9,contact_manipulation,placement_release
16001,108,gt,joint_window9,contact_manipulation,placement_release
16001,109,gt,joint_window9,contact_manipulation,placement_release
16001,110,gt,joint_window9,contact_manipulation,placement_release
16001,111,gt,joint_window9,contact_manipulation,placement_release
16001,112,gt,joint_window9,contact_manipulation,free_pre
16001,113,gt,joint_window9,contact_manipulation,free_pre
16001,114,gt,joint_window9,contact_manipulation,free_pre
16001,115,gt,joint_window9,contact_manipulation,free_pre
16001,116,gt,joint_window9,contact_manipulation,free_pre
16001,117,gt,joint_window9,contact_manipulation,free_pre
16001,118,gt,joint_window9,contact_manipulation,free_pre
16001,122,gt,joint_window9,contact_manipulation,free_pre
16001,123,gt,joint_window9,contact_manipulation,free_pre
16001,124,gt,joint_window9,contact_manipulation,free_pre
16001,125,gt,joint_window9,contact_manipulation,free_pre
16001,126,gt,joint_window9,contact_manipulation,free_pre
16001,127,gt,joint_window9,contact_manipulation,free_pre
16001,128,gt,joint_window9,contact_manipulation,free_pre
16001,129,gt,joint_window9,contact_manipulation,stable_transport
16001,130,gt,joint_window9,contact_manipulation,stable_transport
16001,131,gt,joint_window9,contact_manipulation,stable_transport
16001,132,gt,joint_window9,contact_manipulation,stable_transport
16001,133,gt,joint_window9,contact_manipulation,stable_transport
16001,134,gt,joint_window9,contact_manipulation,stable_transport
16001,135,gt,joint_window9,contact_manipulation,stable_transport
16001,136,gt,joint_window9,contact_manipulation,stable_transport
16001,137,gt,joint_window9,contact_manipulation,stable_transport
16001,138,gt,joint_window9,contact_manipulation,stable_transport
16001,139,gt,joint_window9,contact_manipulation,stable_transport
16001,140,gt,joint_window9,contact_manipulation,stable_transport
16001,141,gt,joint_window9,contact_manipulation,stable_transport
16001,142,gt,joint_window9,contact_manipulation,contact_manipulation
16001,146,gt,joint_window9,contact_manipulation,stable_transport
16001,147,gt,joint_window9,contact_manipulation,stable_transport
16001,163,gt,joint_window9,placement_release,terminal_approach
16001,164,gt,joint_window9,placement_release,terminal_approach
16001,165,gt,joint_window9,placement_release,terminal_approach
16001,166,gt,joint_window9,placement_release,stable_transport
16001,170,gt,joint_window9,placement_release,terminal_approach
16001,171,gt,joint_window9,placement_release,terminal_approach
16001,172,gt,joint_window9,placement_release,terminal_approach
16001,173,gt,joint_window9,placement_release,contact_manipulation
16001,174,gt,joint_window9,placement_release,contact_manipulation
16001,175,gt,joint_window9,placement_release,contact_manipulation
16001,176,gt,joint_window9,placement_release,contact_manipulation
16001,177,gt,joint_window9,placement_release,contact_manipulation
16001,178,gt,joint_window9,placement_release,stable_transport
16001,179,gt,joint_window9,placement_release,stable_transport
16001,189,gt,joint_window9,placement_release,contact_manipulation
16001,190,gt,joint_window9,placement_release,contact_manipulation
50458,26,gt,joint_window9,free_pre,contact_manipulation
50458,27,gt,joint_window9,free_pre,free_pre
50458,28,gt,joint_window9,free_pre,contact_manipulation
50458,29,gt,joint_window9,free_pre,contact_manipulation
50458,30,gt,joint_window9,free_pre,contact_manipulation
50458,31,gt,joint_window9,free_pre,contact_manipulation
50458,32,gt,joint_window9,free_pre,contact_manipulation
50458,33,gt,joint_window9,free_pre,contact_manipulation
50458,34,gt,joint_window9,free_pre,contact_manipulation
50458,35,gt,joint_window9,free_pre,contact_manipulation
50458,53,gt,joint_window9,terminal_approach,terminal_approach
50458,54,gt,joint_window9,terminal_approach,terminal_approach
50458,55,gt,joint_window9,terminal_approach,terminal_approach
50458,56,gt,joint_window9,terminal_approach,terminal_approach
50458,57,gt,joint_window9,terminal_approach,stable_transport
50458,58,gt,joint_window9,terminal_approach,stable_transport
50458,59,gt,joint_window9,terminal_approach,terminal_approach
50458,60,gt,joint_window9,terminal_approach,terminal_approach
50458,61,gt,joint_window9,terminal_approach,terminal_approach
50458,62,gt,joint_window9,terminal_approach,stable_transport
50458,63,gt,joint_window9,terminal_approach,stable_transport
50458,75,gt,joint_window9,contact_manipulation,terminal_approach
50458,76,gt,joint_window9,contact_manipulation,terminal_approach
50458,77,gt,joint_window9,contact_manipulation,terminal_approach
50458,78,gt,joint_window9,contact_manipulation,terminal_approach
50458,79,gt,joint_window9,contact_manipulation,terminal_approach
50458,80,gt,joint_window9,contact_manipulation,terminal_approach
50458,81,gt,joint_window9,contact_manipulation,terminal_approach
50458,82,gt,joint_window9,contact_manipulation,terminal_approach
50458,83,gt,joint_window9,contact_manipulation,terminal_approach
50458,84,gt,joint_window9,contact_manipulation,terminal_approach
50458,85,gt,joint_window9,contact_manipulation,terminal_approach
50458,86,gt,joint_window9,contact_manipulation,terminal_approach
50458,87,gt,joint_window9,contact_manipulation,terminal_approach
50458,88,gt,joint_window9,contact_manipulation,terminal_approach
50458,89,gt,joint_window9,contact_manipulation,terminal_approach
50458,90,gt,joint_window9,contact_manipulation,terminal_approach
50458,91,gt,joint_window9,contact_manipulation,terminal_approach
50458,92,gt,joint_window9,contact_manipulation,terminal_approach
50458,93,gt,joint_window9,contact_manipulation,terminal_approach
50458,94,gt,joint_window9,contact_manipulation,terminal_approach
50458,98,gt,joint_window9,contact_manipulation,contact_manipulation
50458,99,gt,joint_window9,contact_manipulation,contact_manipulation
50458,100,gt,joint_window9,contact_manipulation,contact_manipulation
50458,101,gt,joint_window9,contact_manipulation,contact_manipulation
50458,102,gt,joint_window9,contact_manipulation,contact_manipulation
50458,103,gt,joint_window9,contact_manipulation,contact_manipulation
50458,104,gt,joint_window9,contact_manipulation,contact_manipulation
50458,105,gt,joint_window9,contact_manipulation,contact_manipulation
50458,115,gt,joint_window9,contact_manipulation,contact_manipulation
50458,116,gt,joint_window9,contact_manipulation,contact_manipulation
50458,117,gt,joint_window9,contact_manipulation,contact_manipulation
50458,118,gt,joint_window9,contact_manipulation,contact_manipulation
50458,129,gt,joint_window9,stable_transport,free_pre
50458,130,gt,joint_window9,stable_transport,free_pre
50458,131,gt,joint_window9,stable_transport,free_pre
50458,132,gt,joint_window9,stable_transport,free_pre
50458,133,gt,joint_window9,stable_transport,free_pre
50458,134,gt,joint_window9,stable_transport,stable_transport
50458,135,gt,joint_window9,stable_transport,stable_transport
50458,136,gt,joint_window9,stable_transport,stable_transport
50458,137,gt,joint_window9,stable_transport,stable_transport
50458,138,gt,joint_window9,stable_transport,free_pre
50458,139,gt,joint_window9,stable_transport,free_pre
50458,140,gt,joint_window9,stable_transport,free_pre
50458,141,gt,joint_window9,stable_transport,free_pre
50458,142,gt,joint_window9,stable_transport,free_pre
50458,146,gt,joint_window9,stable_transport,free_pre
50458,147,gt,joint_window9,stable_transport,free_pre
50458,148,gt,joint_window9,stable_transport,free_pre
50458,149,gt,joint_window9,stable_transport,free_pre
50458,150,gt,joint_window9,stable_transport,terminal_approach
50458,151,gt,joint_window9,stable_transport,terminal_approach
50458,152,gt,joint_window9,stable_transport,terminal_approach
50458,153,gt,joint_window9,stable_transport,terminal_approach
50458,154,gt,joint_window9,stable_transport,terminal_approach
50458,155,gt,joint_window9,stable_transport,terminal_approach
50458,156,gt,joint_window9,stable_transport,terminal_approach
50458,157,gt,joint_window9,stable_transport,terminal_approach
50458,158,gt,joint_window9,stable_transport,terminal_approach
50458,159,gt,joint_window9,stable_transport,terminal_approach
50458,160,gt,joint_window9,stable_transport,terminal_approach
50458,161,gt,joint_window9,stable_transport,terminal_approach
50458,162,gt,joint_window9,stable_transport,terminal_approach
50458,163,gt,joint_window9,stable_transport,terminal_approach
50458,164,gt,joint_window9,stable_transport,terminal_approach
50458,165,gt,joint_window9,stable_transport,terminal_approach
50458,166,gt,joint_window9,stable_transport,terminal_approach
50458,170,gt,joint_window9,stable_transport,contact_manipulation
50458,171,gt,joint_window9,stable_transport,contact_manipulation
50458,181,gt,joint_window9,placement_release,contact_manipulation
1925,26,gt,joint_gripper_window9,free_pre,terminal_approach
1925,27,gt,joint_gripper_window9,free_pre,terminal_approach
1925,28,gt,joint_gripper_window9,free_pre,terminal_approach
1925,29,gt,joint_gripper_window9,free_pre,terminal_approach
1925,30,gt,joint_gripper_window9,free_pre,terminal_approach
1925,31,gt,joint_gripper_window9,free_pre,terminal_approach
1925,32,gt,joint_gripper_window9,free_pre,terminal_approach
1925,33,gt,joint_gripper_window9,free_pre,stable_transport
1925,34,gt,joint_gripper_window9,free_pre,stable_transport
1925,35,gt,joint_gripper_window9,free_pre,stable_transport
1925,36,gt,joint_gripper_window9,free_pre,stable_transport
1925,37,gt,joint_gripper_window9,free_pre,stable_transport
1925,38,gt,joint_gripper_window9,free_pre,terminal_approach
1925,39,gt,joint_gripper_window9,free_pre,terminal_approach
1925,57,gt,joint_gripper_window9,terminal_approach,terminal_approach
1925,58,gt,joint_gripper_window9,terminal_approach,terminal_approach
1925,59,gt,joint_gripper_window9,terminal_approach,contact_manipulation
1925,60,gt,joint_gripper_window9,terminal_approach,contact_manipulation
1925,61,gt,joint_gripper_window9,terminal_approach,contact_manipulation
1925,62,gt,joint_gripper_window9,terminal_approach,contact_manipulation
1925,63,gt,joint_gripper_window9,terminal_approach,contact_manipulation
1925,64,gt,joint_gripper_window9,terminal_approach,contact_manipulation
1925,65,gt,joint_gripper_window9,terminal_approach,contact_manipulation
1925,66,gt,joint_gripper_window9,terminal_approach,contact_manipulation
1925,67,gt,joint_gripper_window9,terminal_approach,contact_manipulation
1925,68,gt,joint_gripper_window9,terminal_approach,contact_manipulation
1925,69,gt,joint_gripper_window9,terminal_approach,contact_manipulation
1925,70,gt,joint_gripper_window9,terminal_approach,contact_manipulation
1925,74,gt,joint_gripper_window9,terminal_approach,contact_manipulation
1925,75,gt,joint_gripper_window9,terminal_approach,contact_manipulation
1925,76,gt,joint_gripper_window9,terminal_approach,contact_manipulation
1925,77,gt,joint_gripper_window9,terminal_approach,contact_manipulation
1925,98,gt,joint_gripper_window9,contact_manipulation,contact_manipulation
1925,99,gt,joint_gripper_window9,contact_manipulation,contact_manipulation
1925,100,gt,joint_gripper_window9,contact_manipulation,contact_manipulation
1925,101,gt,joint_gripper_window9,contact_manipulation,contact_manipulation
1925,102,gt,joint_gripper_window9,contact_manipulation,contact_manipulation
1925,103,gt,joint_gripper_window9,contact_manipulation,contact_manipulation
1925,104,gt,joint_gripper_window9,contact_manipulation,contact_manipulation
1925,105,gt,joint_gripper_window9,contact_manipulation,contact_manipulation
1925,106,gt,joint_gripper_window9,contact_manipulation,contact_manipulation
1925,107,gt,joint_gripper_window9,contact_manipulation,contact_manipulation
1925,117,gt,joint_gripper_window9,contact_manipulation,contact_manipulation
1925,118,gt,joint_gripper_window9,contact_manipulation,contact_manipulation
1925,122,gt,joint_gripper_window9,contact_manipulation,contact_manipulation
1925,123,gt,joint_gripper_window9,contact_manipulation,contact_manipulation
1925,124,gt,joint_gripper_window9,contact_manipulation,contact_manipulation
1925,125,gt,joint_gripper_window9,contact_manipulation,contact_manipulation
1925,137,gt,joint_gripper_window9,stable_transport,contact_manipulation
1925,138,gt,joint_gripper_window9,stable_transport,contact_manipulation
1925,139,gt,joint_gripper_window9,stable_transport,contact_manipulation
1925,140,gt,joint_gripper_window9,stable_transport,contact_manipulation
1925,141,gt,joint_gripper_window9,stable_transport,contact_manipulation
1925,142,gt,joint_gripper_window9,stable_transport,contact_manipulation
1925,146,gt,joint_gripper_window9,stable_transport,stable_transport
1925,147,gt,joint_gripper_window9,stable_transport,stable_transport
1925,148,gt,joint_gripper_window9,stable_transport,stable_transport
1925,149,gt,joint_gripper_window9,stable_transport,contact_manipulation
1925,150,gt,joint_gripper_window9,stable_transport,contact_manipulation
1925,151,gt,joint_gripper_window9,stable_transport,stable_transport
1925,152,gt,joint_gripper_window9,stable_transport,stable_transport
1925,153,gt,joint_gripper_window9,stable_transport,stable_transport
1925,154,gt,joint_gripper_window9,stable_transport,stable_transport
1925,155,gt,joint_gripper_window9,stable_transport,stable_transport
1925,156,gt,joint_gripper_window9,stable_transport,stable_transport
1925,157,gt,joint_gripper_window9,stable_transport,stable_transport
1925,158,gt,joint_gripper_window9,stable_transport,stable_transport
1925,159,gt,joint_gripper_window9,stable_transport,stable_transport
1925,160,gt,joint_gripper_window9,stable_transport,contact_manipulation
1925,161,gt,joint_gripper_window9,stable_transport,stable_transport
1925,162,gt,joint_gripper_window9,stable_transport,stable_transport
1925,163,gt,joint_gripper_window9,stable_transport,contact_manipulation
1925,164,gt,joint_gripper_window9,stable_transport,contact_manipulation
1925,165,gt,joint_gripper_window9,stable_transport,contact_manipulation
1925,166,gt,joint_gripper_window9,stable_transport,contact_manipulation
1925,170,gt,joint_gripper_window9,stable_transport,contact_manipulation
1925,171,gt,joint_gripper_window9,stable_transport,contact_manipulation
1925,172,gt,joint_gripper_window9,stable_transport,contact_manipulation
1925,173,gt,joint_gripper_window9,stable_transport,contact_manipulation
1925,174,gt,joint_gripper_window9,stable_transport,contact_manipulation
1925,175,gt,joint_gripper_window9,stable_transport,contact_manipulation
1925,176,gt,joint_gripper_window9,stable_transport,contact_manipulation
1925,177,gt,joint_gripper_window9,stable_transport,placement_release
16001,26,gt,joint_gripper_window9,free_pre,terminal_approach
16001,27,gt,joint_gripper_window9,free_pre,free_pre
16001,28,gt,joint_gripper_window9,free_pre,free_pre
16001,29,gt,joint_gripper_window9,free_pre,free_pre
16001,30,gt,joint_gripper_window9,free_pre,free_pre
16001,31,gt,joint_gripper_window9,free_pre,free_pre
16001,50,gt,joint_gripper_window9,terminal_approach,terminal_approach
16001,51,gt,joint_gripper_window9,terminal_approach,terminal_approach
16001,52,gt,joint_gripper_window9,terminal_approach,terminal_approach
16001,53,gt,joint_gripper_window9,terminal_approach,terminal_approach
16001,54,gt,joint_gripper_window9,terminal_approach,terminal_approach
16001,55,gt,joint_gripper_window9,terminal_approach,terminal_approach
16001,56,gt,joint_gripper_window9,terminal_approach,terminal_approach
16001,57,gt,joint_gripper_window9,terminal_approach,terminal_approach
16001,58,gt,joint_gripper_window9,terminal_approach,terminal_approach
16001,59,gt,joint_gripper_window9,terminal_approach,terminal_approach
16001,60,gt,joint_gripper_window9,terminal_approach,terminal_approach
16001,61,gt,joint_gripper_window9,terminal_approach,terminal_approach
16001,87,gt,joint_gripper_window9,contact_manipulation,contact_manipulation
16001,88,gt,joint_gripper_window9,contact_manipulation,contact_manipulation
16001,89,gt,joint_gripper_window9,contact_manipulation,contact_manipulation
16001,90,gt,joint_gripper_window9,contact_manipulation,contact_manipulation
16001,91,gt,joint_gripper_window9,contact_manipulation,contact_manipulation
16001,92,gt,joint_gripper_window9,contact_manipulation,contact_manipulation
16001,93,gt,joint_gripper_window9,contact_manipulation,placement_release
16001,94,gt,joint_gripper_window9,contact_manipulation,placement_release
16001,98,gt,joint_gripper_window9,contact_manipulation,contact_manipulation
16001,99,gt,joint_gripper_window9,contact_manipulation,contact_manipulation
16001,100,gt,joint_gripper_window9,contact_manipulation,contact_manipulation
16001,101,gt,joint_gripper_window9,contact_manipulation,contact_manipulation
16001,102,gt,joint_gripper_window9,contact_manipulation,contact_manipulation
16001,103,gt,joint_gripper_window9,contact_manipulation,contact_manipulation
16001,104,gt,joint_gripper_window9,contact_manipulation,placement_release
16001,105,gt,joint_gripper_window9,contact_manipulation,placement_release
16001,106,gt,joint_gripper_window9,contact_manipulation,placement_release
16001,107,gt,joint_gripper_window9,contact_manipulation,contact_manipulation
16001,108,gt,joint_gripper_window9,contact_manipulation,contact_manipulation
16001,109,gt,joint_gripper_window9,contact_manipulation,contact_manipulation
16001,110,gt,joint_gripper_window9,contact_manipulation,contact_manipulation
16001,111,gt,joint_gripper_window9,contact_manipulation,contact_manipulation
16001,112,gt,joint_gripper_window9,contact_manipulation,free_pre
16001,113,gt,joint_gripper_window9,contact_manipulation,free_pre
16001,114,gt,joint_gripper_window9,contact_manipulation,free_pre
16001,115,gt,joint_gripper_window9,contact_manipulation,free_pre
16001,116,gt,joint_gripper_window9,contact_manipulation,free_pre
16001,117,gt,joint_gripper_window9,contact_manipulation,free_pre
16001,118,gt,joint_gripper_window9,contact_manipulation,stable_transport
16001,122,gt,joint_gripper_window9,contact_manipulation,stable_transport
16001,123,gt,joint_gripper_window9,contact_manipulation,stable_transport
16001,124,gt,joint_gripper_window9,contact_manipulation,stable_transport
16001,125,gt,joint_gripper_window9,contact_manipulation,stable_transport
16001,126,gt,joint_gripper_window9,contact_manipulation,free_pre
16001,127,gt,joint_gripper_window9,contact_manipulation,free_pre
16001,128,gt,joint_gripper_window9,contact_manipulation,free_pre
16001,129,gt,joint_gripper_window9,contact_manipulation,stable_transport
16001,130,gt,joint_gripper_window9,contact_manipulation,stable_transport
16001,131,gt,joint_gripper_window9,contact_manipulation,free_pre
16001,132,gt,joint_gripper_window9,contact_manipulation,stable_transport
16001,133,gt,joint_gripper_window9,contact_manipulation,stable_transport
16001,134,gt,joint_gripper_window9,contact_manipulation,stable_transport
16001,135,gt,joint_gripper_window9,contact_manipulation,stable_transport
16001,136,gt,joint_gripper_window9,contact_manipulation,stable_transport
16001,137,gt,joint_gripper_window9,contact_manipulation,stable_transport
16001,138,gt,joint_gripper_window9,contact_manipulation,terminal_approach
16001,139,gt,joint_gripper_window9,contact_manipulation,terminal_approach
16001,140,gt,joint_gripper_window9,contact_manipulation,terminal_approach
16001,141,gt,joint_gripper_window9,contact_manipulation,terminal_approach
16001,142,gt,joint_gripper_window9,contact_manipulation,terminal_approach
16001,146,gt,joint_gripper_window9,contact_manipulation,terminal_approach
16001,147,gt,joint_gripper_window9,contact_manipulation,terminal_approach
16001,163,gt,joint_gripper_window9,placement_release,terminal_approach
16001,164,gt,joint_gripper_window9,placement_release,terminal_approach
16001,165,gt,joint_gripper_window9,placement_release,terminal_approach
16001,166,gt,joint_gripper_window9,placement_release,terminal_approach
16001,170,gt,joint_gripper_window9,placement_release,stable_transport
16001,171,gt,joint_gripper_window9,placement_release,stable_transport
16001,172,gt,joint_gripper_window9,placement_release,stable_transport
16001,173,gt,joint_gripper_window9,placement_release,stable_transport
16001,174,gt,joint_gripper_window9,placement_release,stable_transport
16001,175,gt,joint_gripper_window9,placement_release,stable_transport
16001,176,gt,joint_gripper_window9,placement_release,placement_release
16001,177,gt,joint_gripper_window9,placement_release,placement_release
16001,178,gt,joint_gripper_window9,placement_release,placement_release
16001,179,gt,joint_gripper_window9,placement_release,placement_release
16001,189,gt,joint_gripper_window9,placement_release,contact_manipulation
16001,190,gt,joint_gripper_window9,placement_release,contact_manipulation
50458,26,gt,joint_gripper_window9,free_pre,free_pre
50458,27,gt,joint_gripper_window9,free_pre,free_pre
50458,28,gt,joint_gripper_window9,free_pre,free_pre
50458,29,gt,joint_gripper_window9,free_pre,free_pre
50458,30,gt,joint_gripper_window9,free_pre,free_pre
50458,31,gt,joint_gripper_window9,free_pre,free_pre
50458,32,gt,joint_gripper_window9,free_pre,contact_manipulation
50458,33,gt,joint_gripper_window9,free_pre,free_pre
50458,34,gt,joint_gripper_window9,free_pre,free_pre
50458,35,gt,joint_gripper_window9,free_pre,free_pre
50458,53,gt,joint_gripper_window9,terminal_approach,terminal_approach
50458,54,gt,joint_gripper_window9,terminal_approach,terminal_approach
50458,55,gt,joint_gripper_window9,terminal_approach,terminal_approach
50458,56,gt,joint_gripper_window9,terminal_approach,terminal_approach
50458,57,gt,joint_gripper_window9,terminal_approach,terminal_approach
50458,58,gt,joint_gripper_window9,terminal_approach,terminal_approach
50458,59,gt,joint_gripper_window9,terminal_approach,terminal_approach
50458,60,gt,joint_gripper_window9,terminal_approach,terminal_approach
50458,61,gt,joint_gripper_window9,terminal_approach,terminal_approach
50458,62,gt,joint_gripper_window9,terminal_approach,terminal_approach
50458,63,gt,joint_gripper_window9,terminal_approach,terminal_approach
50458,75,gt,joint_gripper_window9,contact_manipulation,terminal_approach
50458,76,gt,joint_gripper_window9,contact_manipulation,terminal_approach
50458,77,gt,joint_gripper_window9,contact_manipulation,terminal_approach
50458,78,gt,joint_gripper_window9,contact_manipulation,terminal_approach
50458,79,gt,joint_gripper_window9,contact_manipulation,terminal_approach
50458,80,gt,joint_gripper_window9,contact_manipulation,terminal_approach
50458,81,gt,joint_gripper_window9,contact_manipulation,terminal_approach
50458,82,gt,joint_gripper_window9,contact_manipulation,terminal_approach
50458,83,gt,joint_gripper_window9,contact_manipulation,terminal_approach
50458,84,gt,joint_gripper_window9,contact_manipulation,terminal_approach
50458,85,gt,joint_gripper_window9,contact_manipulation,terminal_approach
50458,86,gt,joint_gripper_window9,contact_manipulation,terminal_approach
50458,87,gt,joint_gripper_window9,contact_manipulation,contact_manipulation
50458,88,gt,joint_gripper_window9,contact_manipulation,contact_manipulation
50458,89,gt,joint_gripper_window9,contact_manipulation,contact_manipulation
50458,90,gt,joint_gripper_window9,contact_manipulation,contact_manipulation
50458,91,gt,joint_gripper_window9,contact_manipulation,contact_manipulation
50458,92,gt,joint_gripper_window9,contact_manipulation,contact_manipulation
50458,93,gt,joint_gripper_window9,contact_manipulation,contact_manipulation
50458,94,gt,joint_gripper_window9,contact_manipulation,contact_manipulation
50458,98,gt,joint_gripper_window9,contact_manipulation,contact_manipulation
50458,99,gt,joint_gripper_window9,contact_manipulation,contact_manipulation
50458,100,gt,joint_gripper_window9,contact_manipulation,contact_manipulation
50458,101,gt,joint_gripper_window9,contact_manipulation,contact_manipulation
50458,102,gt,joint_gripper_window9,contact_manipulation,contact_manipulation
50458,103,gt,joint_gripper_window9,contact_manipulation,contact_manipulation
50458,104,gt,joint_gripper_window9,contact_manipulation,contact_manipulation
50458,105,gt,joint_gripper_window9,contact_manipulation,contact_manipulation
50458,115,gt,joint_gripper_window9,contact_manipulation,contact_manipulation
50458,116,gt,joint_gripper_window9,contact_manipulation,contact_manipulation
50458,117,gt,joint_gripper_window9,contact_manipulation,contact_manipulation
50458,118,gt,joint_gripper_window9,contact_manipulation,contact_manipulation
50458,129,gt,joint_gripper_window9,stable_transport,free_pre
50458,130,gt,joint_gripper_window9,stable_transport,free_pre
50458,131,gt,joint_gripper_window9,stable_transport,free_pre
50458,132,gt,joint_gripper_window9,stable_transport,free_pre
50458,133,gt,joint_gripper_window9,stable_transport,stable_transport
50458,134,gt,joint_gripper_window9,stable_transport,stable_transport
50458,135,gt,joint_gripper_window9,stable_transport,stable_transport
50458,136,gt,joint_gripper_window9,stable_transport,stable_transport
50458,137,gt,joint_gripper_window9,stable_transport,free_pre
50458,138,gt,joint_gripper_window9,stable_transport,free_pre
50458,139,gt,joint_gripper_window9,stable_transport,free_pre
50458,140,gt,joint_gripper_window9,stable_transport,free_pre
50458,141,gt,joint_gripper_window9,stable_transport,free_pre
50458,142,gt,joint_gripper_window9,stable_transport,free_pre
50458,146,gt,joint_gripper_window9,stable_transport,stable_transport
50458,147,gt,joint_gripper_window9,stable_transport,stable_transport
50458,148,gt,joint_gripper_window9,stable_transport,stable_transport
50458,149,gt,joint_gripper_window9,stable_transport,stable_transport
50458,150,gt,joint_gripper_window9,stable_transport,stable_transport
50458,151,gt,joint_gripper_window9,stable_transport,stable_transport
50458,152,gt,joint_gripper_window9,stable_transport,stable_transport
50458,153,gt,joint_gripper_window9,stable_transport,stable_transport
50458,154,gt,joint_gripper_window9,stable_transport,stable_transport
50458,155,gt,joint_gripper_window9,stable_transport,stable_transport
50458,156,gt,joint_gripper_window9,stable_transport,stable_transport
50458,157,gt,joint_gripper_window9,stable_transport,stable_transport
50458,158,gt,joint_gripper_window9,stable_transport,stable_transport
50458,159,gt,joint_gripper_window9,stable_transport,stable_transport
50458,160,gt,joint_gripper_window9,stable_transport,stable_transport
50458,161,gt,joint_gripper_window9,stable_transport,stable_transport
50458,162,gt,joint_gripper_window9,stable_transport,stable_transport
50458,163,gt,joint_gripper_window9,stable_transport,stable_transport
50458,164,gt,joint_gripper_window9,stable_transport,stable_transport
50458,165,gt,joint_gripper_window9,stable_transport,stable_transport
50458,166,gt,joint_gripper_window9,stable_transport,stable_transport
50458,170,gt,joint_gripper_window9,stable_transport,stable_transport
50458,171,gt,joint_gripper_window9,stable_transport,stable_transport
50458,181,gt,joint_gripper_window9,placement_release,contact_manipulation
1925,26,gt,time_only,free_pre,free_pre
1925,27,gt,time_only,free_pre,free_pre
1925,28,gt,time_only,free_pre,free_pre
1925,29,gt,time_only,free_pre,free_pre
1925,30,gt,time_only,free_pre,free_pre
1925,31,gt,time_only,free_pre,free_pre
1925,32,gt,time_only,free_pre,free_pre
1925,33,gt,time_only,free_pre,free_pre
1925,34,gt,time_only,free_pre,free_pre
1925,35,gt,time_only,free_pre,free_pre
1925,36,gt,time_only,free_pre,free_pre
1925,37,gt,time_only,free_pre,free_pre
1925,38,gt,time_only,free_pre,free_pre
1925,39,gt,time_only,free_pre,free_pre
1925,57,gt,time_only,terminal_approach,terminal_approach
1925,58,gt,time_only,terminal_approach,terminal_approach
1925,59,gt,time_only,terminal_approach,terminal_approach
1925,60,gt,time_only,terminal_approach,terminal_approach
1925,61,gt,time_only,terminal_approach,terminal_approach
1925,62,gt,time_only,terminal_approach,terminal_approach
1925,63,gt,time_only,terminal_approach,terminal_approach
1925,64,gt,time_only,terminal_approach,terminal_approach
1925,65,gt,time_only,terminal_approach,terminal_approach
1925,66,gt,time_only,terminal_approach,terminal_approach
1925,67,gt,time_only,terminal_approach,terminal_approach
1925,68,gt,time_only,terminal_approach,terminal_approach
1925,69,gt,time_only,terminal_approach,terminal_approach
1925,70,gt,time_only,terminal_approach,terminal_approach
1925,74,gt,time_only,terminal_approach,terminal_approach
1925,75,gt,time_only,terminal_approach,terminal_approach
1925,76,gt,time_only,terminal_approach,terminal_approach
1925,77,gt,time_only,terminal_approach,terminal_approach
1925,98,gt,time_only,contact_manipulation,contact_manipulation
1925,99,gt,time_only,contact_manipulation,contact_manipulation
1925,100,gt,time_only,contact_manipulation,contact_manipulation
1925,101,gt,time_only,contact_manipulation,contact_manipulation
1925,102,gt,time_only,contact_manipulation,contact_manipulation
1925,103,gt,time_only,contact_manipulation,contact_manipulation
1925,104,gt,time_only,contact_manipulation,contact_manipulation
1925,105,gt,time_only,contact_manipulation,contact_manipulation
1925,106,gt,time_only,contact_manipulation,contact_manipulation
1925,107,gt,time_only,contact_manipulation,contact_manipulation
1925,117,gt,time_only,contact_manipulation,contact_manipulation
1925,118,gt,time_only,contact_manipulation,contact_manipulation
1925,122,gt,time_only,contact_manipulation,contact_manipulation
1925,123,gt,time_only,contact_manipulation,contact_manipulation
1925,124,gt,time_only,contact_manipulation,contact_manipulation
1925,125,gt,time_only,contact_manipulation,contact_manipulation
1925,137,gt,time_only,stable_transport,stable_transport
1925,138,gt,time_only,stable_transport,stable_transport
1925,139,gt,time_only,stable_transport,stable_transport
1925,140,gt,time_only,stable_transport,stable_transport
1925,141,gt,time_only,stable_transport,stable_transport
1925,142,gt,time_only,stable_transport,stable_transport
1925,146,gt,time_only,stable_transport,stable_transport
1925,147,gt,time_only,stable_transport,stable_transport
1925,148,gt,time_only,stable_transport,stable_transport
1925,149,gt,time_only,stable_transport,stable_transport
1925,150,gt,time_only,stable_transport,stable_transport
1925,151,gt,time_only,stable_transport,stable_transport
1925,152,gt,time_only,stable_transport,stable_transport
1925,153,gt,time_only,stable_transport,stable_transport
1925,154,gt,time_only,stable_transport,stable_transport
1925,155,gt,time_only,stable_transport,stable_transport
1925,156,gt,time_only,stable_transport,stable_transport
1925,157,gt,time_only,stable_transport,stable_transport
1925,158,gt,time_only,stable_transport,stable_transport
1925,159,gt,time_only,stable_transport,stable_transport
1925,160,gt,time_only,stable_transport,placement_release
1925,161,gt,time_only,stable_transport,placement_release
1925,162,gt,time_only,stable_transport,placement_release
1925,163,gt,time_only,stable_transport,placement_release
1925,164,gt,time_only,stable_transport,placement_release
1925,165,gt,time_only,stable_transport,placement_release
1925,166,gt,time_only,stable_transport,placement_release
1925,170,gt,time_only,stable_transport,placement_release
1925,171,gt,time_only,stable_transport,placement_release
1925,172,gt,time_only,stable_transport,placement_release
1925,173,gt,time_only,stable_transport,placement_release
1925,174,gt,time_only,stable_transport,placement_release
1925,175,gt,time_only,stable_transport,placement_release
1925,176,gt,time_only,stable_transport,placement_release
1925,177,gt,time_only,stable_transport,placement_release
16001,26,gt,time_only,free_pre,free_pre
16001,27,gt,time_only,free_pre,free_pre
16001,28,gt,time_only,free_pre,free_pre
16001,29,gt,time_only,free_pre,free_pre
16001,30,gt,time_only,free_pre,free_pre
16001,31,gt,time_only,free_pre,free_pre
16001,50,gt,time_only,terminal_approach,free_pre
16001,51,gt,time_only,terminal_approach,terminal_approach
16001,52,gt,time_only,terminal_approach,terminal_approach
16001,53,gt,time_only,terminal_approach,terminal_approach
16001,54,gt,time_only,terminal_approach,terminal_approach
16001,55,gt,time_only,terminal_approach,terminal_approach
16001,56,gt,time_only,terminal_approach,terminal_approach
16001,57,gt,time_only,terminal_approach,terminal_approach
16001,58,gt,time_only,terminal_approach,terminal_approach
16001,59,gt,time_only,terminal_approach,terminal_approach
16001,60,gt,time_only,terminal_approach,terminal_approach
16001,61,gt,time_only,terminal_approach,terminal_approach
16001,87,gt,time_only,contact_manipulation,contact_manipulation
16001,88,gt,time_only,contact_manipulation,contact_manipulation
16001,89,gt,time_only,contact_manipulation,contact_manipulation
16001,90,gt,time_only,contact_manipulation,contact_manipulation
16001,91,gt,time_only,contact_manipulation,contact_manipulation
16001,92,gt,time_only,contact_manipulation,contact_manipulation
16001,93,gt,time_only,contact_manipulation,contact_manipulation
16001,94,gt,time_only,contact_manipulation,contact_manipulation
16001,98,gt,time_only,contact_manipulation,contact_manipulation
16001,99,gt,time_only,contact_manipulation,contact_manipulation
16001,100,gt,time_only,contact_manipulation,contact_manipulation
16001,101,gt,time_only,contact_manipulation,contact_manipulation
16001,102,gt,time_only,contact_manipulation,contact_manipulation
16001,103,gt,time_only,contact_manipulation,contact_manipulation
16001,104,gt,time_only,contact_manipulation,contact_manipulation
16001,105,gt,time_only,contact_manipulation,contact_manipulation
16001,106,gt,time_only,contact_manipulation,contact_manipulation
16001,107,gt,time_only,contact_manipulation,contact_manipulation
16001,108,gt,time_only,contact_manipulation,contact_manipulation
16001,109,gt,time_only,contact_manipulation,contact_manipulation
16001,110,gt,time_only,contact_manipulation,contact_manipulation
16001,111,gt,time_only,contact_manipulation,contact_manipulation
16001,112,gt,time_only,contact_manipulation,contact_manipulation
16001,113,gt,time_only,contact_manipulation,contact_manipulation
16001,114,gt,time_only,contact_manipulation,contact_manipulation
16001,115,gt,time_only,contact_manipulation,contact_manipulation
16001,116,gt,time_only,contact_manipulation,contact_manipulation
16001,117,gt,time_only,contact_manipulation,contact_manipulation
16001,118,gt,time_only,contact_manipulation,contact_manipulation
16001,122,gt,time_only,contact_manipulation,contact_manipulation
16001,123,gt,time_only,contact_manipulation,contact_manipulation
16001,124,gt,time_only,contact_manipulation,contact_manipulation
16001,125,gt,time_only,contact_manipulation,contact_manipulation
16001,126,gt,time_only,contact_manipulation,stable_transport
16001,127,gt,time_only,contact_manipulation,stable_transport
16001,128,gt,time_only,contact_manipulation,stable_transport
16001,129,gt,time_only,contact_manipulation,stable_transport
16001,130,gt,time_only,contact_manipulation,stable_transport
16001,131,gt,time_only,contact_manipulation,stable_transport
16001,132,gt,time_only,contact_manipulation,stable_transport
16001,133,gt,time_only,contact_manipulation,stable_transport
16001,134,gt,time_only,contact_manipulation,stable_transport
16001,135,gt,time_only,contact_manipulation,stable_transport
16001,136,gt,time_only,contact_manipulation,stable_transport
16001,137,gt,time_only,contact_manipulation,stable_transport
16001,138,gt,time_only,contact_manipulation,stable_transport
16001,139,gt,time_only,contact_manipulation,stable_transport
16001,140,gt,time_only,contact_manipulation,stable_transport
16001,141,gt,time_only,contact_manipulation,stable_transport
16001,142,gt,time_only,contact_manipulation,stable_transport
16001,146,gt,time_only,contact_manipulation,stable_transport
16001,147,gt,time_only,contact_manipulation,stable_transport
16001,163,gt,time_only,placement_release,stable_transport
16001,164,gt,time_only,placement_release,stable_transport
16001,165,gt,time_only,placement_release,stable_transport
16001,166,gt,time_only,placement_release,placement_release
16001,170,gt,time_only,placement_release,placement_release
16001,171,gt,time_only,placement_release,placement_release
16001,172,gt,time_only,placement_release,placement_release
16001,173,gt,time_only,placement_release,placement_release
16001,174,gt,time_only,placement_release,placement_release
16001,175,gt,time_only,placement_release,placement_release
16001,176,gt,time_only,placement_release,placement_release
16001,177,gt,time_only,placement_release,placement_release
16001,178,gt,time_only,placement_release,placement_release
16001,179,gt,time_only,placement_release,placement_release
16001,189,gt,time_only,placement_release,placement_release
16001,190,gt,time_only,placement_release,placement_release
50458,26,gt,time_only,free_pre,free_pre
50458,27,gt,time_only,free_pre,free_pre
50458,28,gt,time_only,free_pre,free_pre
50458,29,gt,time_only,free_pre,free_pre
50458,30,gt,time_only,free_pre,free_pre
50458,31,gt,time_only,free_pre,free_pre
50458,32,gt,time_only,free_pre,free_pre
50458,33,gt,time_only,free_pre,free_pre
50458,34,gt,time_only,free_pre,free_pre
50458,35,gt,time_only,free_pre,free_pre
50458,53,gt,time_only,terminal_approach,terminal_approach
50458,54,gt,time_only,terminal_approach,terminal_approach
50458,55,gt,time_only,terminal_approach,terminal_approach
50458,56,gt,time_only,terminal_approach,terminal_approach
50458,57,gt,time_only,terminal_approach,terminal_approach
50458,58,gt,time_only,terminal_approach,terminal_approach
50458,59,gt,time_only,terminal_approach,terminal_approach
50458,60,gt,time_only,terminal_approach,terminal_approach
50458,61,gt,time_only,terminal_approach,terminal_approach
50458,62,gt,time_only,terminal_approach,terminal_approach
50458,63,gt,time_only,terminal_approach,terminal_approach
50458,75,gt,time_only,contact_manipulation,terminal_approach
50458,76,gt,time_only,contact_manipulation,terminal_approach
50458,77,gt,time_only,contact_manipulation,terminal_approach
50458,78,gt,time_only,contact_manipulation,terminal_approach
50458,79,gt,time_only,contact_manipulation,terminal_approach
50458,80,gt,time_only,contact_manipulation,terminal_approach
50458,81,gt,time_only,contact_manipulation,terminal_approach
50458,82,gt,time_only,contact_manipulation,terminal_approach
50458,83,gt,time_only,contact_manipulation,terminal_approach
50458,84,gt,time_only,contact_manipulation,terminal_approach
50458,85,gt,time_only,contact_manipulation,terminal_approach
50458,86,gt,time_only,contact_manipulation,terminal_approach
50458,87,gt,time_only,contact_manipulation,terminal_approach
50458,88,gt,time_only,contact_manipulation,contact_manipulation
50458,89,gt,time_only,contact_manipulation,contact_manipulation
50458,90,gt,time_only,contact_manipulation,contact_manipulation
50458,91,gt,time_only,contact_manipulation,contact_manipulation
50458,92,gt,time_only,contact_manipulation,contact_manipulation
50458,93,gt,time_only,contact_manipulation,contact_manipulation
50458,94,gt,time_only,contact_manipulation,contact_manipulation
50458,98,gt,time_only,contact_manipulation,contact_manipulation
50458,99,gt,time_only,contact_manipulation,contact_manipulation
50458,100,gt,time_only,contact_manipulation,contact_manipulation
50458,101,gt,time_only,contact_manipulation,contact_manipulation
50458,102,gt,time_only,contact_manipulation,contact_manipulation
50458,103,gt,time_only,contact_manipulation,contact_manipulation
50458,104,gt,time_only,contact_manipulation,contact_manipulation
50458,105,gt,time_only,contact_manipulation,contact_manipulation
50458,115,gt,time_only,contact_manipulation,contact_manipulation
50458,116,gt,time_only,contact_manipulation,contact_manipulation
50458,117,gt,time_only,contact_manipulation,contact_manipulation
50458,118,gt,time_only,contact_manipulation,contact_manipulation
50458,129,gt,time_only,stable_transport,contact_manipulation
50458,130,gt,time_only,stable_transport,contact_manipulation
50458,131,gt,time_only,stable_transport,contact_manipulation
50458,132,gt,time_only,stable_transport,contact_manipulation
50458,133,gt,time_only,stable_transport,contact_manipulation
50458,134,gt,time_only,stable_transport,contact_manipulation
50458,135,gt,time_only,stable_transport,contact_manipulation
50458,136,gt,time_only,stable_transport,contact_manipulation
50458,137,gt,time_only,stable_transport,contact_manipulation
50458,138,gt,time_only,stable_transport,stable_transport
50458,139,gt,time_only,stable_transport,stable_transport
50458,140,gt,time_only,stable_transport,stable_transport
50458,141,gt,time_only,stable_transport,stable_transport
50458,142,gt,time_only,stable_transport,stable_transport
50458,146,gt,time_only,stable_transport,stable_transport
50458,147,gt,time_only,stable_transport,stable_transport
50458,148,gt,time_only,stable_transport,stable_transport
50458,149,gt,time_only,stable_transport,stable_transport
50458,150,gt,time_only,stable_transport,stable_transport
50458,151,gt,time_only,stable_transport,stable_transport
50458,152,gt,time_only,stable_transport,stable_transport
50458,153,gt,time_only,stable_transport,stable_transport
50458,154,gt,time_only,stable_transport,stable_transport
50458,155,gt,time_only,stable_transport,stable_transport
50458,156,gt,time_only,stable_transport,stable_transport
50458,157,gt,time_only,stable_transport,stable_transport
50458,158,gt,time_only,stable_transport,stable_transport
50458,159,gt,time_only,stable_transport,stable_transport
50458,160,gt,time_only,stable_transport,stable_transport
50458,161,gt,time_only,stable_transport,stable_transport
50458,162,gt,time_only,stable_transport,stable_transport
50458,163,gt,time_only,stable_transport,placement_release
50458,164,gt,time_only,stable_transport,placement_release
50458,165,gt,time_only,stable_transport,placement_release
50458,166,gt,time_only,stable_transport,placement_release
50458,170,gt,time_only,stable_transport,placement_release
50458,171,gt,time_only,stable_transport,placement_release
50458,181,gt,time_only,placement_release,placement_release
1925,26,gt,time_gripper,free_pre,free_pre
1925,27,gt,time_gripper,free_pre,free_pre
1925,28,gt,time_gripper,free_pre,free_pre
1925,29,gt,time_gripper,free_pre,free_pre
1925,30,gt,time_gripper,free_pre,free_pre
1925,31,gt,time_gripper,free_pre,free_pre
1925,32,gt,time_gripper,free_pre,free_pre
1925,33,gt,time_gripper,free_pre,free_pre
1925,34,gt,time_gripper,free_pre,free_pre
1925,35,gt,time_gripper,free_pre,free_pre
1925,36,gt,time_gripper,free_pre,free_pre
1925,37,gt,time_gripper,free_pre,free_pre
1925,38,gt,time_gripper,free_pre,free_pre
1925,39,gt,time_gripper,free_pre,free_pre
1925,57,gt,time_gripper,terminal_approach,terminal_approach
1925,58,gt,time_gripper,terminal_approach,terminal_approach
1925,59,gt,time_gripper,terminal_approach,terminal_approach
1925,60,gt,time_gripper,terminal_approach,terminal_approach
1925,61,gt,time_gripper,terminal_approach,terminal_approach
1925,62,gt,time_gripper,terminal_approach,terminal_approach
1925,63,gt,time_gripper,terminal_approach,terminal_approach
1925,64,gt,time_gripper,terminal_approach,terminal_approach
1925,65,gt,time_gripper,terminal_approach,terminal_approach
1925,66,gt,time_gripper,terminal_approach,terminal_approach
1925,67,gt,time_gripper,terminal_approach,terminal_approach
1925,68,gt,time_gripper,terminal_approach,terminal_approach
1925,69,gt,time_gripper,terminal_approach,terminal_approach
1925,70,gt,time_gripper,terminal_approach,terminal_approach
1925,74,gt,time_gripper,terminal_approach,terminal_approach
1925,75,gt,time_gripper,terminal_approach,terminal_approach
1925,76,gt,time_gripper,terminal_approach,terminal_approach
1925,77,gt,time_gripper,terminal_approach,contact_manipulation
1925,98,gt,time_gripper,contact_manipulation,terminal_approach
1925,99,gt,time_gripper,contact_manipulation,terminal_approach
1925,100,gt,time_gripper,contact_manipulation,terminal_approach
1925,101,gt,time_gripper,contact_manipulation,terminal_approach
1925,102,gt,time_gripper,contact_manipulation,terminal_approach
1925,103,gt,time_gripper,contact_manipulation,terminal_approach
1925,104,gt,time_gripper,contact_manipulation,contact_manipulation
1925,105,gt,time_gripper,contact_manipulation,contact_manipulation
1925,106,gt,time_gripper,contact_manipulation,contact_manipulation
1925,107,gt,time_gripper,contact_manipulation,contact_manipulation
1925,117,gt,time_gripper,contact_manipulation,stable_transport
1925,118,gt,time_gripper,contact_manipulation,stable_transport
1925,122,gt,time_gripper,contact_manipulation,stable_transport
1925,123,gt,time_gripper,contact_manipulation,stable_transport
1925,124,gt,time_gripper,contact_manipulation,stable_transport
1925,125,gt,time_gripper,contact_manipulation,stable_transport
1925,137,gt,time_gripper,stable_transport,stable_transport
1925,138,gt,time_gripper,stable_transport,stable_transport
1925,139,gt,time_gripper,stable_transport,stable_transport
1925,140,gt,time_gripper,stable_transport,stable_transport
1925,141,gt,time_gripper,stable_transport,stable_transport
1925,142,gt,time_gripper,stable_transport,stable_transport
1925,146,gt,time_gripper,stable_transport,stable_transport
1925,147,gt,time_gripper,stable_transport,stable_transport
1925,148,gt,time_gripper,stable_transport,stable_transport
1925,149,gt,time_gripper,stable_transport,stable_transport
1925,150,gt,time_gripper,stable_transport,stable_transport
1925,151,gt,time_gripper,stable_transport,stable_transport
1925,152,gt,time_gripper,stable_transport,stable_transport
1925,153,gt,time_gripper,stable_transport,stable_transport
1925,154,gt,time_gripper,stable_transport,stable_transport
1925,155,gt,time_gripper,stable_transport,stable_transport
1925,156,gt,time_gripper,stable_transport,stable_transport
1925,157,gt,time_gripper,stable_transport,stable_transport
1925,158,gt,time_gripper,stable_transport,stable_transport
1925,159,gt,time_gripper,stable_transport,stable_transport
1925,160,gt,time_gripper,stable_transport,stable_transport
1925,161,gt,time_gripper,stable_transport,stable_transport
1925,162,gt,time_gripper,stable_transport,stable_transport
1925,163,gt,time_gripper,stable_transport,stable_transport
1925,164,gt,time_gripper,stable_transport,stable_transport
1925,165,gt,time_gripper,stable_transport,stable_transport
1925,166,gt,time_gripper,stable_transport,stable_transport
1925,170,gt,time_gripper,stable_transport,stable_transport
1925,171,gt,time_gripper,stable_transport,stable_transport
1925,172,gt,time_gripper,stable_transport,stable_transport
1925,173,gt,time_gripper,stable_transport,stable_transport
1925,174,gt,time_gripper,stable_transport,stable_transport
1925,175,gt,time_gripper,stable_transport,stable_transport
1925,176,gt,time_gripper,stable_transport,stable_transport
1925,177,gt,time_gripper,stable_transport,stable_transport
16001,26,gt,time_gripper,free_pre,free_pre
16001,27,gt,time_gripper,free_pre,free_pre
16001,28,gt,time_gripper,free_pre,free_pre
16001,29,gt,time_gripper,free_pre,free_pre
16001,30,gt,time_gripper,free_pre,free_pre
16001,31,gt,time_gripper,free_pre,free_pre
16001,50,gt,time_gripper,terminal_approach,free_pre
16001,51,gt,time_gripper,terminal_approach,free_pre
16001,52,gt,time_gripper,terminal_approach,free_pre
16001,53,gt,time_gripper,terminal_approach,free_pre
16001,54,gt,time_gripper,terminal_approach,free_pre
16001,55,gt,time_gripper,terminal_approach,free_pre
16001,56,gt,time_gripper,terminal_approach,free_pre
16001,57,gt,time_gripper,terminal_approach,free_pre
16001,58,gt,time_gripper,terminal_approach,free_pre
16001,59,gt,time_gripper,terminal_approach,free_pre
16001,60,gt,time_gripper,terminal_approach,free_pre
16001,61,gt,time_gripper,terminal_approach,free_pre
16001,87,gt,time_gripper,contact_manipulation,contact_manipulation
16001,88,gt,time_gripper,contact_manipulation,contact_manipulation
16001,89,gt,time_gripper,contact_manipulation,contact_manipulation
16001,90,gt,time_gripper,contact_manipulation,contact_manipulation
16001,91,gt,time_gripper,contact_manipulation,contact_manipulation
16001,92,gt,time_gripper,contact_manipulation,contact_manipulation
16001,93,gt,time_gripper,contact_manipulation,contact_manipulation
16001,94,gt,time_gripper,contact_manipulation,contact_manipulation
16001,98,gt,time_gripper,contact_manipulation,contact_manipulation
16001,99,gt,time_gripper,contact_manipulation,contact_manipulation
16001,100,gt,time_gripper,contact_manipulation,contact_manipulation
16001,101,gt,time_gripper,contact_manipulation,contact_manipulation
16001,102,gt,time_gripper,contact_manipulation,contact_manipulation
16001,103,gt,time_gripper,contact_manipulation,contact_manipulation
16001,104,gt,time_gripper,contact_manipulation,contact_manipulation
16001,105,gt,time_gripper,contact_manipulation,contact_manipulation
16001,106,gt,time_gripper,contact_manipulation,contact_manipulation
16001,107,gt,time_gripper,contact_manipulation,contact_manipulation
16001,108,gt,time_gripper,contact_manipulation,contact_manipulation
16001,109,gt,time_gripper,contact_manipulation,contact_manipulation
16001,110,gt,time_gripper,contact_manipulation,contact_manipulation
16001,111,gt,time_gripper,contact_manipulation,contact_manipulation
16001,112,gt,time_gripper,contact_manipulation,contact_manipulation
16001,113,gt,time_gripper,contact_manipulation,contact_manipulation
16001,114,gt,time_gripper,contact_manipulation,contact_manipulation
16001,115,gt,time_gripper,contact_manipulation,contact_manipulation
16001,116,gt,time_gripper,contact_manipulation,contact_manipulation
16001,117,gt,time_gripper,contact_manipulation,contact_manipulation
16001,118,gt,time_gripper,contact_manipulation,contact_manipulation
16001,122,gt,time_gripper,contact_manipulation,stable_transport
16001,123,gt,time_gripper,contact_manipulation,placement_release
16001,124,gt,time_gripper,contact_manipulation,contact_manipulation
16001,125,gt,time_gripper,contact_manipulation,contact_manipulation
16001,126,gt,time_gripper,contact_manipulation,contact_manipulation
16001,127,gt,time_gripper,contact_manipulation,contact_manipulation
16001,128,gt,time_gripper,contact_manipulation,contact_manipulation
16001,129,gt,time_gripper,contact_manipulation,contact_manipulation
16001,130,gt,time_gripper,contact_manipulation,stable_transport
16001,131,gt,time_gripper,contact_manipulation,contact_manipulation
16001,132,gt,time_gripper,contact_manipulation,contact_manipulation
16001,133,gt,time_gripper,contact_manipulation,contact_manipulation
16001,134,gt,time_gripper,contact_manipulation,contact_manipulation
16001,135,gt,time_gripper,contact_manipulation,stable_transport
16001,136,gt,time_gripper,contact_manipulation,stable_transport
16001,137,gt,time_gripper,contact_manipulation,stable_transport
16001,138,gt,time_gripper,contact_manipulation,stable_transport
16001,139,gt,time_gripper,contact_manipulation,stable_transport
16001,140,gt,time_gripper,contact_manipulation,stable_transport
16001,141,gt,time_gripper,contact_manipulation,stable_transport
16001,142,gt,time_gripper,contact_manipulation,stable_transport
16001,146,gt,time_gripper,contact_manipulation,stable_transport
16001,147,gt,time_gripper,contact_manipulation,stable_transport
16001,163,gt,time_gripper,placement_release,stable_transport
16001,164,gt,time_gripper,placement_release,stable_transport
16001,165,gt,time_gripper,placement_release,stable_transport
16001,166,gt,time_gripper,placement_release,stable_transport
16001,170,gt,time_gripper,placement_release,stable_transport
16001,171,gt,time_gripper,placement_release,stable_transport
16001,172,gt,time_gripper,placement_release,stable_transport
16001,173,gt,time_gripper,placement_release,stable_transport
16001,174,gt,time_gripper,placement_release,stable_transport
16001,175,gt,time_gripper,placement_release,stable_transport
16001,176,gt,time_gripper,placement_release,placement_release
16001,177,gt,time_gripper,placement_release,placement_release
16001,178,gt,time_gripper,placement_release,placement_release
16001,179,gt,time_gripper,placement_release,placement_release
16001,189,gt,time_gripper,placement_release,placement_release
16001,190,gt,time_gripper,placement_release,placement_release
50458,26,gt,time_gripper,free_pre,free_pre
50458,27,gt,time_gripper,free_pre,free_pre
50458,28,gt,time_gripper,free_pre,free_pre
50458,29,gt,time_gripper,free_pre,free_pre
50458,30,gt,time_gripper,free_pre,free_pre
50458,31,gt,time_gripper,free_pre,free_pre
50458,32,gt,time_gripper,free_pre,free_pre
50458,33,gt,time_gripper,free_pre,free_pre
50458,34,gt,time_gripper,free_pre,free_pre
50458,35,gt,time_gripper,free_pre,free_pre
50458,53,gt,time_gripper,terminal_approach,free_pre
50458,54,gt,time_gripper,terminal_approach,free_pre
50458,55,gt,time_gripper,terminal_approach,free_pre
50458,56,gt,time_gripper,terminal_approach,free_pre
50458,57,gt,time_gripper,terminal_approach,free_pre
50458,58,gt,time_gripper,terminal_approach,contact_manipulation
50458,59,gt,time_gripper,terminal_approach,contact_manipulation
50458,60,gt,time_gripper,terminal_approach,contact_manipulation
50458,61,gt,time_gripper,terminal_approach,contact_manipulation
50458,62,gt,time_gripper,terminal_approach,contact_manipulation
50458,63,gt,time_gripper,terminal_approach,contact_manipulation
50458,75,gt,time_gripper,contact_manipulation,contact_manipulation
50458,76,gt,time_gripper,contact_manipulation,contact_manipulation
50458,77,gt,time_gripper,contact_manipulation,contact_manipulation
50458,78,gt,time_gripper,contact_manipulation,contact_manipulation
50458,79,gt,time_gripper,contact_manipulation,contact_manipulation
50458,80,gt,time_gripper,contact_manipulation,contact_manipulation
50458,81,gt,time_gripper,contact_manipulation,contact_manipulation
50458,82,gt,time_gripper,contact_manipulation,contact_manipulation
50458,83,gt,time_gripper,contact_manipulation,contact_manipulation
50458,84,gt,time_gripper,contact_manipulation,contact_manipulation
50458,85,gt,time_gripper,contact_manipulation,contact_manipulation
50458,86,gt,time_gripper,contact_manipulation,contact_manipulation
50458,87,gt,time_gripper,contact_manipulation,contact_manipulation
50458,88,gt,time_gripper,contact_manipulation,contact_manipulation
50458,89,gt,time_gripper,contact_manipulation,contact_manipulation
50458,90,gt,time_gripper,contact_manipulation,contact_manipulation
50458,91,gt,time_gripper,contact_manipulation,contact_manipulation
50458,92,gt,time_gripper,contact_manipulation,contact_manipulation
50458,93,gt,time_gripper,contact_manipulation,contact_manipulation
50458,94,gt,time_gripper,contact_manipulation,contact_manipulation
50458,98,gt,time_gripper,contact_manipulation,contact_manipulation
50458,99,gt,time_gripper,contact_manipulation,contact_manipulation
50458,100,gt,time_gripper,contact_manipulation,contact_manipulation
50458,101,gt,time_gripper,contact_manipulation,contact_manipulation
50458,102,gt,time_gripper,contact_manipulation,contact_manipulation
50458,103,gt,time_gripper,contact_manipulation,contact_manipulation
50458,104,gt,time_gripper,contact_manipulation,contact_manipulation
50458,105,gt,time_gripper,contact_manipulation,contact_manipulation
50458,115,gt,time_gripper,contact_manipulation,contact_manipulation
50458,116,gt,time_gripper,contact_manipulation,contact_manipulation
50458,117,gt,time_gripper,contact_manipulation,stable_transport
50458,118,gt,time_gripper,contact_manipulation,stable_transport
50458,129,gt,time_gripper,stable_transport,stable_transport
50458,130,gt,time_gripper,stable_transport,stable_transport
50458,131,gt,time_gripper,stable_transport,stable_transport
50458,132,gt,time_gripper,stable_transport,stable_transport
50458,133,gt,time_gripper,stable_transport,stable_transport
50458,134,gt,time_gripper,stable_transport,stable_transport
50458,135,gt,time_gripper,stable_transport,contact_manipulation
50458,136,gt,time_gripper,stable_transport,contact_manipulation
50458,137,gt,time_gripper,stable_transport,contact_manipulation
50458,138,gt,time_gripper,stable_transport,contact_manipulation
50458,139,gt,time_gripper,stable_transport,contact_manipulation
50458,140,gt,time_gripper,stable_transport,stable_transport
50458,141,gt,time_gripper,stable_transport,stable_transport
50458,142,gt,time_gripper,stable_transport,stable_transport
50458,146,gt,time_gripper,stable_transport,stable_transport
50458,147,gt,time_gripper,stable_transport,stable_transport
50458,148,gt,time_gripper,stable_transport,stable_transport
50458,149,gt,time_gripper,stable_transport,stable_transport
50458,150,gt,time_gripper,stable_transport,stable_transport
50458,151,gt,time_gripper,stable_transport,stable_transport
50458,152,gt,time_gripper,stable_transport,stable_transport
50458,153,gt,time_gripper,stable_transport,stable_transport
50458,154,gt,time_gripper,stable_transport,stable_transport
50458,155,gt,time_gripper,stable_transport,stable_transport
50458,156,gt,time_gripper,stable_transport,stable_transport
50458,157,gt,time_gripper,stable_transport,stable_transport
50458,158,gt,time_gripper,stable_transport,stable_transport
50458,159,gt,time_gripper,stable_transport,stable_transport
50458,160,gt,time_gripper,stable_transport,stable_transport
50458,161,gt,time_gripper,stable_transport,stable_transport
50458,162,gt,time_gripper,stable_transport,stable_transport
50458,163,gt,time_gripper,stable_transport,stable_transport
50458,164,gt,time_gripper,stable_transport,stable_transport
50458,165,gt,time_gripper,stable_transport,stable_transport
50458,166,gt,time_gripper,stable_transport,stable_transport
50458,170,gt,time_gripper,stable_transport,placement_release
50458,171,gt,time_gripper,stable_transport,placement_release
50458,181,gt,time_gripper,placement_release,placement_release
1925,26,wam,joint_position,free_pre,free_pre
1925,27,wam,joint_position,free_pre,terminal_approach
1925,28,wam,joint_position,free_pre,terminal_approach
1925,29,wam,joint_position,free_pre,terminal_approach
1925,30,wam,joint_position,free_pre,terminal_approach
1925,31,wam,joint_position,free_pre,terminal_approach
1925,32,wam,joint_position,free_pre,terminal_approach
1925,33,wam,joint_position,free_pre,terminal_approach
1925,34,wam,joint_position,free_pre,terminal_approach
1925,35,wam,joint_position,free_pre,terminal_approach
1925,36,wam,joint_position,free_pre,terminal_approach
1925,37,wam,joint_position,free_pre,terminal_approach
1925,38,wam,joint_position,free_pre,terminal_approach
1925,39,wam,joint_position,free_pre,terminal_approach
1925,57,wam,joint_position,terminal_approach,terminal_approach
1925,58,wam,joint_position,terminal_approach,terminal_approach
1925,59,wam,joint_position,terminal_approach,terminal_approach
1925,60,wam,joint_position,terminal_approach,terminal_approach
1925,61,wam,joint_position,terminal_approach,terminal_approach
1925,62,wam,joint_position,terminal_approach,terminal_approach
1925,63,wam,joint_position,terminal_approach,terminal_approach
1925,64,wam,joint_position,terminal_approach,terminal_approach
1925,65,wam,joint_position,terminal_approach,terminal_approach
1925,66,wam,joint_position,terminal_approach,terminal_approach
1925,67,wam,joint_position,terminal_approach,terminal_approach
1925,68,wam,joint_position,terminal_approach,terminal_approach
1925,69,wam,joint_position,terminal_approach,terminal_approach
1925,70,wam,joint_position,terminal_approach,terminal_approach
1925,74,wam,joint_position,terminal_approach,terminal_approach
1925,75,wam,joint_position,terminal_approach,terminal_approach
1925,76,wam,joint_position,terminal_approach,terminal_approach
1925,77,wam,joint_position,terminal_approach,terminal_approach
1925,98,wam,joint_position,contact_manipulation,terminal_approach
1925,99,wam,joint_position,contact_manipulation,terminal_approach
1925,100,wam,joint_position,contact_manipulation,terminal_approach
1925,101,wam,joint_position,contact_manipulation,terminal_approach
1925,102,wam,joint_position,contact_manipulation,terminal_approach
1925,103,wam,joint_position,contact_manipulation,terminal_approach
1925,104,wam,joint_position,contact_manipulation,terminal_approach
1925,105,wam,joint_position,contact_manipulation,terminal_approach
1925,106,wam,joint_position,contact_manipulation,terminal_approach
1925,107,wam,joint_position,contact_manipulation,terminal_approach
1925,117,wam,joint_position,contact_manipulation,terminal_approach
1925,118,wam,joint_position,contact_manipulation,terminal_approach
1925,122,wam,joint_position,contact_manipulation,terminal_approach
1925,123,wam,joint_position,contact_manipulation,terminal_approach
1925,124,wam,joint_position,contact_manipulation,terminal_approach
1925,125,wam,joint_position,contact_manipulation,terminal_approach
1925,137,wam,joint_position,stable_transport,terminal_approach
1925,138,wam,joint_position,stable_transport,terminal_approach
1925,139,wam,joint_position,stable_transport,terminal_approach
1925,140,wam,joint_position,stable_transport,terminal_approach
1925,141,wam,joint_position,stable_transport,terminal_approach
1925,142,wam,joint_position,stable_transport,terminal_approach
1925,146,wam,joint_position,stable_transport,terminal_approach
1925,147,wam,joint_position,stable_transport,terminal_approach
1925,148,wam,joint_position,stable_transport,terminal_approach
1925,149,wam,joint_position,stable_transport,terminal_approach
1925,150,wam,joint_position,stable_transport,terminal_approach
1925,151,wam,joint_position,stable_transport,terminal_approach
1925,152,wam,joint_position,stable_transport,stable_transport
1925,153,wam,joint_position,stable_transport,stable_transport
1925,154,wam,joint_position,stable_transport,stable_transport
1925,155,wam,joint_position,stable_transport,stable_transport
1925,156,wam,joint_position,stable_transport,stable_transport
1925,157,wam,joint_position,stable_transport,stable_transport
1925,158,wam,joint_position,stable_transport,stable_transport
1925,159,wam,joint_position,stable_transport,stable_transport
1925,160,wam,joint_position,stable_transport,stable_transport
1925,161,wam,joint_position,stable_transport,stable_transport
1925,162,wam,joint_position,stable_transport,stable_transport
1925,163,wam,joint_position,stable_transport,stable_transport
1925,164,wam,joint_position,stable_transport,stable_transport
1925,165,wam,joint_position,stable_transport,stable_transport
1925,166,wam,joint_position,stable_transport,stable_transport
1925,170,wam,joint_position,stable_transport,stable_transport
1925,171,wam,joint_position,stable_transport,stable_transport
1925,172,wam,joint_position,stable_transport,stable_transport
1925,173,wam,joint_position,stable_transport,stable_transport
1925,174,wam,joint_position,stable_transport,stable_transport
1925,175,wam,joint_position,stable_transport,stable_transport
1925,176,wam,joint_position,stable_transport,stable_transport
1925,177,wam,joint_position,stable_transport,stable_transport
16001,26,wam,joint_position,free_pre,contact_manipulation
16001,27,wam,joint_position,free_pre,contact_manipulation
16001,28,wam,joint_position,free_pre,contact_manipulation
16001,29,wam,joint_position,free_pre,contact_manipulation
16001,30,wam,joint_position,free_pre,contact_manipulation
16001,31,wam,joint_position,free_pre,contact_manipulation
16001,50,wam,joint_position,terminal_approach,contact_manipulation
16001,51,wam,joint_position,terminal_approach,contact_manipulation
16001,52,wam,joint_position,terminal_approach,contact_manipulation
16001,53,wam,joint_position,terminal_approach,contact_manipulation
16001,54,wam,joint_position,terminal_approach,contact_manipulation
16001,55,wam,joint_position,terminal_approach,contact_manipulation
16001,56,wam,joint_position,terminal_approach,contact_manipulation
16001,57,wam,joint_position,terminal_approach,contact_manipulation
16001,58,wam,joint_position,terminal_approach,contact_manipulation
16001,59,wam,joint_position,terminal_approach,contact_manipulation
16001,60,wam,joint_position,terminal_approach,contact_manipulation
16001,61,wam,joint_position,terminal_approach,contact_manipulation
16001,87,wam,joint_position,contact_manipulation,contact_manipulation
16001,88,wam,joint_position,contact_manipulation,contact_manipulation
16001,89,wam,joint_position,contact_manipulation,contact_manipulation
16001,90,wam,joint_position,contact_manipulation,contact_manipulation
16001,91,wam,joint_position,contact_manipulation,contact_manipulation
16001,92,wam,joint_position,contact_manipulation,contact_manipulation
16001,93,wam,joint_position,contact_manipulation,contact_manipulation
16001,94,wam,joint_position,contact_manipulation,contact_manipulation
16001,98,wam,joint_position,contact_manipulation,contact_manipulation
16001,99,wam,joint_position,contact_manipulation,contact_manipulation
16001,100,wam,joint_position,contact_manipulation,contact_manipulation
16001,101,wam,joint_position,contact_manipulation,contact_manipulation
16001,102,wam,joint_position,contact_manipulation,contact_manipulation
16001,103,wam,joint_position,contact_manipulation,contact_manipulation
16001,104,wam,joint_position,contact_manipulation,contact_manipulation
16001,105,wam,joint_position,contact_manipulation,contact_manipulation
16001,106,wam,joint_position,contact_manipulation,contact_manipulation
16001,107,wam,joint_position,contact_manipulation,contact_manipulation
16001,108,wam,joint_position,contact_manipulation,contact_manipulation
16001,109,wam,joint_position,contact_manipulation,contact_manipulation
16001,110,wam,joint_position,contact_manipulation,contact_manipulation
16001,111,wam,joint_position,contact_manipulation,contact_manipulation
16001,112,wam,joint_position,contact_manipulation,contact_manipulation
16001,113,wam,joint_position,contact_manipulation,contact_manipulation
16001,114,wam,joint_position,contact_manipulation,contact_manipulation
16001,115,wam,joint_position,contact_manipulation,contact_manipulation
16001,116,wam,joint_position,contact_manipulation,contact_manipulation
16001,117,wam,joint_position,contact_manipulation,contact_manipulation
16001,118,wam,joint_position,contact_manipulation,contact_manipulation
16001,122,wam,joint_position,contact_manipulation,terminal_approach
16001,123,wam,joint_position,contact_manipulation,terminal_approach
16001,124,wam,joint_position,contact_manipulation,terminal_approach
16001,125,wam,joint_position,contact_manipulation,terminal_approach
16001,126,wam,joint_position,contact_manipulation,terminal_approach
16001,127,wam,joint_position,contact_manipulation,terminal_approach
16001,128,wam,joint_position,contact_manipulation,terminal_approach
16001,129,wam,joint_position,contact_manipulation,terminal_approach
16001,130,wam,joint_position,contact_manipulation,terminal_approach
16001,131,wam,joint_position,contact_manipulation,terminal_approach
16001,132,wam,joint_position,contact_manipulation,terminal_approach
16001,133,wam,joint_position,contact_manipulation,terminal_approach
16001,134,wam,joint_position,contact_manipulation,terminal_approach
16001,135,wam,joint_position,contact_manipulation,terminal_approach
16001,136,wam,joint_position,contact_manipulation,terminal_approach
16001,137,wam,joint_position,contact_manipulation,terminal_approach
16001,138,wam,joint_position,contact_manipulation,terminal_approach
16001,139,wam,joint_position,contact_manipulation,terminal_approach
16001,140,wam,joint_position,contact_manipulation,terminal_approach
16001,141,wam,joint_position,contact_manipulation,terminal_approach
16001,142,wam,joint_position,contact_manipulation,terminal_approach
16001,146,wam,joint_position,contact_manipulation,terminal_approach
16001,147,wam,joint_position,contact_manipulation,terminal_approach
16001,163,wam,joint_position,placement_release,terminal_approach
16001,164,wam,joint_position,placement_release,terminal_approach
16001,165,wam,joint_position,placement_release,terminal_approach
16001,166,wam,joint_position,placement_release,terminal_approach
16001,170,wam,joint_position,placement_release,terminal_approach
16001,171,wam,joint_position,placement_release,terminal_approach
16001,172,wam,joint_position,placement_release,terminal_approach
16001,173,wam,joint_position,placement_release,terminal_approach
16001,174,wam,joint_position,placement_release,terminal_approach
16001,175,wam,joint_position,placement_release,terminal_approach
16001,176,wam,joint_position,placement_release,terminal_approach
16001,177,wam,joint_position,placement_release,terminal_approach
16001,178,wam,joint_position,placement_release,terminal_approach
16001,179,wam,joint_position,placement_release,terminal_approach
16001,189,wam,joint_position,placement_release,terminal_approach
16001,190,wam,joint_position,placement_release,terminal_approach
50458,26,wam,joint_position,free_pre,free_pre
50458,27,wam,joint_position,free_pre,free_pre
50458,28,wam,joint_position,free_pre,free_pre
50458,29,wam,joint_position,free_pre,free_pre
50458,30,wam,joint_position,free_pre,free_pre
50458,31,wam,joint_position,free_pre,free_pre
50458,32,wam,joint_position,free_pre,free_pre
50458,33,wam,joint_position,free_pre,free_pre
50458,34,wam,joint_position,free_pre,free_pre
50458,35,wam,joint_position,free_pre,free_pre
50458,53,wam,joint_position,terminal_approach,free_pre
50458,54,wam,joint_position,terminal_approach,free_pre
50458,55,wam,joint_position,terminal_approach,free_pre
50458,56,wam,joint_position,terminal_approach,free_pre
50458,57,wam,joint_position,terminal_approach,free_pre
50458,58,wam,joint_position,terminal_approach,contact_manipulation
50458,59,wam,joint_position,terminal_approach,contact_manipulation
50458,60,wam,joint_position,terminal_approach,contact_manipulation
50458,61,wam,joint_position,terminal_approach,contact_manipulation
50458,62,wam,joint_position,terminal_approach,contact_manipulation
50458,63,wam,joint_position,terminal_approach,contact_manipulation
50458,75,wam,joint_position,contact_manipulation,contact_manipulation
50458,76,wam,joint_position,contact_manipulation,contact_manipulation
50458,77,wam,joint_position,contact_manipulation,contact_manipulation
50458,78,wam,joint_position,contact_manipulation,contact_manipulation
50458,79,wam,joint_position,contact_manipulation,contact_manipulation
50458,80,wam,joint_position,contact_manipulation,contact_manipulation
50458,81,wam,joint_position,contact_manipulation,contact_manipulation
50458,82,wam,joint_position,contact_manipulation,contact_manipulation
50458,83,wam,joint_position,contact_manipulation,contact_manipulation
50458,84,wam,joint_position,contact_manipulation,contact_manipulation
50458,85,wam,joint_position,contact_manipulation,contact_manipulation
50458,86,wam,joint_position,contact_manipulation,contact_manipulation
50458,87,wam,joint_position,contact_manipulation,contact_manipulation
50458,88,wam,joint_position,contact_manipulation,contact_manipulation
50458,89,wam,joint_position,contact_manipulation,contact_manipulation
50458,90,wam,joint_position,contact_manipulation,contact_manipulation
50458,91,wam,joint_position,contact_manipulation,contact_manipulation
50458,92,wam,joint_position,contact_manipulation,contact_manipulation
50458,93,wam,joint_position,contact_manipulation,contact_manipulation
50458,94,wam,joint_position,contact_manipulation,contact_manipulation
50458,98,wam,joint_position,contact_manipulation,contact_manipulation
50458,99,wam,joint_position,contact_manipulation,contact_manipulation
50458,100,wam,joint_position,contact_manipulation,contact_manipulation
50458,101,wam,joint_position,contact_manipulation,contact_manipulation
50458,102,wam,joint_position,contact_manipulation,contact_manipulation
50458,103,wam,joint_position,contact_manipulation,contact_manipulation
50458,104,wam,joint_position,contact_manipulation,contact_manipulation
50458,105,wam,joint_position,contact_manipulation,contact_manipulation
50458,115,wam,joint_position,contact_manipulation,contact_manipulation
50458,116,wam,joint_position,contact_manipulation,contact_manipulation
50458,117,wam,joint_position,contact_manipulation,free_pre
50458,118,wam,joint_position,contact_manipulation,free_pre
50458,129,wam,joint_position,stable_transport,placement_release
50458,130,wam,joint_position,stable_transport,placement_release
50458,131,wam,joint_position,stable_transport,placement_release
50458,132,wam,joint_position,stable_transport,placement_release
50458,133,wam,joint_position,stable_transport,placement_release
50458,134,wam,joint_position,stable_transport,placement_release
50458,135,wam,joint_position,stable_transport,placement_release
50458,136,wam,joint_position,stable_transport,placement_release
50458,137,wam,joint_position,stable_transport,placement_release
50458,138,wam,joint_position,stable_transport,placement_release
50458,139,wam,joint_position,stable_transport,placement_release
50458,140,wam,joint_position,stable_transport,placement_release
50458,141,wam,joint_position,stable_transport,placement_release
50458,142,wam,joint_position,stable_transport,placement_release
50458,146,wam,joint_position,stable_transport,contact_manipulation
50458,147,wam,joint_position,stable_transport,contact_manipulation
50458,148,wam,joint_position,stable_transport,contact_manipulation
50458,149,wam,joint_position,stable_transport,contact_manipulation
50458,150,wam,joint_position,stable_transport,contact_manipulation
50458,151,wam,joint_position,stable_transport,contact_manipulation
50458,152,wam,joint_position,stable_transport,contact_manipulation
50458,153,wam,joint_position,stable_transport,contact_manipulation
50458,154,wam,joint_position,stable_transport,contact_manipulation
50458,155,wam,joint_position,stable_transport,contact_manipulation
50458,156,wam,joint_position,stable_transport,contact_manipulation
50458,157,wam,joint_position,stable_transport,contact_manipulation
50458,158,wam,joint_position,stable_transport,contact_manipulation
50458,159,wam,joint_position,stable_transport,contact_manipulation
50458,160,wam,joint_position,stable_transport,contact_manipulation
50458,161,wam,joint_position,stable_transport,contact_manipulation
50458,162,wam,joint_position,stable_transport,contact_manipulation
50458,163,wam,joint_position,stable_transport,contact_manipulation
50458,164,wam,joint_position,stable_transport,contact_manipulation
50458,165,wam,joint_position,stable_transport,contact_manipulation
50458,166,wam,joint_position,stable_transport,contact_manipulation
50458,170,wam,joint_position,stable_transport,contact_manipulation
50458,171,wam,joint_position,stable_transport,contact_manipulation
50458,181,wam,joint_position,placement_release,contact_manipulation
1925,26,wam,joint_d1,free_pre,terminal_approach
1925,27,wam,joint_d1,free_pre,terminal_approach
1925,28,wam,joint_d1,free_pre,terminal_approach
1925,29,wam,joint_d1,free_pre,terminal_approach
1925,30,wam,joint_d1,free_pre,stable_transport
1925,31,wam,joint_d1,free_pre,stable_transport
1925,32,wam,joint_d1,free_pre,stable_transport
1925,33,wam,joint_d1,free_pre,stable_transport
1925,34,wam,joint_d1,free_pre,stable_transport
1925,35,wam,joint_d1,free_pre,stable_transport
1925,36,wam,joint_d1,free_pre,contact_manipulation
1925,37,wam,joint_d1,free_pre,contact_manipulation
1925,38,wam,joint_d1,free_pre,stable_transport
1925,39,wam,joint_d1,free_pre,terminal_approach
1925,57,wam,joint_d1,terminal_approach,terminal_approach
1925,58,wam,joint_d1,terminal_approach,terminal_approach
1925,59,wam,joint_d1,terminal_approach,terminal_approach
1925,60,wam,joint_d1,terminal_approach,terminal_approach
1925,61,wam,joint_d1,terminal_approach,terminal_approach
1925,62,wam,joint_d1,terminal_approach,terminal_approach
1925,63,wam,joint_d1,terminal_approach,terminal_approach
1925,64,wam,joint_d1,terminal_approach,terminal_approach
1925,65,wam,joint_d1,terminal_approach,contact_manipulation
1925,66,wam,joint_d1,terminal_approach,contact_manipulation
1925,67,wam,joint_d1,terminal_approach,contact_manipulation
1925,68,wam,joint_d1,terminal_approach,contact_manipulation
1925,69,wam,joint_d1,terminal_approach,contact_manipulation
1925,70,wam,joint_d1,terminal_approach,contact_manipulation
1925,74,wam,joint_d1,terminal_approach,contact_manipulation
1925,75,wam,joint_d1,terminal_approach,contact_manipulation
1925,76,wam,joint_d1,terminal_approach,contact_manipulation
1925,77,wam,joint_d1,terminal_approach,contact_manipulation
1925,98,wam,joint_d1,contact_manipulation,terminal_approach
1925,99,wam,joint_d1,contact_manipulation,terminal_approach
1925,100,wam,joint_d1,contact_manipulation,terminal_approach
1925,101,wam,joint_d1,contact_manipulation,contact_manipulation
1925,102,wam,joint_d1,contact_manipulation,contact_manipulation
1925,103,wam,joint_d1,contact_manipulation,contact_manipulation
1925,104,wam,joint_d1,contact_manipulation,contact_manipulation
1925,105,wam,joint_d1,contact_manipulation,contact_manipulation
1925,106,wam,joint_d1,contact_manipulation,contact_manipulation
1925,107,wam,joint_d1,contact_manipulation,contact_manipulation
1925,117,wam,joint_d1,contact_manipulation,contact_manipulation
1925,118,wam,joint_d1,contact_manipulation,contact_manipulation
1925,122,wam,joint_d1,contact_manipulation,contact_manipulation
1925,123,wam,joint_d1,contact_manipulation,contact_manipulation
1925,124,wam,joint_d1,contact_manipulation,contact_manipulation
1925,125,wam,joint_d1,contact_manipulation,contact_manipulation
1925,137,wam,joint_d1,stable_transport,placement_release
1925,138,wam,joint_d1,stable_transport,placement_release
1925,139,wam,joint_d1,stable_transport,placement_release
1925,140,wam,joint_d1,stable_transport,placement_release
1925,141,wam,joint_d1,stable_transport,placement_release
1925,142,wam,joint_d1,stable_transport,placement_release
1925,146,wam,joint_d1,stable_transport,stable_transport
1925,147,wam,joint_d1,stable_transport,stable_transport
1925,148,wam,joint_d1,stable_transport,stable_transport
1925,149,wam,joint_d1,stable_transport,stable_transport
1925,150,wam,joint_d1,stable_transport,stable_transport
1925,151,wam,joint_d1,stable_transport,stable_transport
1925,152,wam,joint_d1,stable_transport,placement_release
1925,153,wam,joint_d1,stable_transport,placement_release
1925,154,wam,joint_d1,stable_transport,placement_release
1925,155,wam,joint_d1,stable_transport,placement_release
1925,156,wam,joint_d1,stable_transport,placement_release
1925,157,wam,joint_d1,stable_transport,placement_release
1925,158,wam,joint_d1,stable_transport,contact_manipulation
1925,159,wam,joint_d1,stable_transport,contact_manipulation
1925,160,wam,joint_d1,stable_transport,contact_manipulation
1925,161,wam,joint_d1,stable_transport,contact_manipulation
1925,162,wam,joint_d1,stable_transport,contact_manipulation
1925,163,wam,joint_d1,stable_transport,contact_manipulation
1925,164,wam,joint_d1,stable_transport,contact_manipulation
1925,165,wam,joint_d1,stable_transport,contact_manipulation
1925,166,wam,joint_d1,stable_transport,contact_manipulation
1925,170,wam,joint_d1,stable_transport,stable_transport
1925,171,wam,joint_d1,stable_transport,stable_transport
1925,172,wam,joint_d1,stable_transport,stable_transport
1925,173,wam,joint_d1,stable_transport,stable_transport
1925,174,wam,joint_d1,stable_transport,contact_manipulation
1925,175,wam,joint_d1,stable_transport,contact_manipulation
1925,176,wam,joint_d1,stable_transport,contact_manipulation
1925,177,wam,joint_d1,stable_transport,contact_manipulation
16001,26,wam,joint_d1,free_pre,free_pre
16001,27,wam,joint_d1,free_pre,free_pre
16001,28,wam,joint_d1,free_pre,free_pre
16001,29,wam,joint_d1,free_pre,free_pre
16001,30,wam,joint_d1,free_pre,placement_release
16001,31,wam,joint_d1,free_pre,placement_release
16001,50,wam,joint_d1,terminal_approach,free_pre
16001,51,wam,joint_d1,terminal_approach,free_pre
16001,52,wam,joint_d1,terminal_approach,free_pre
16001,53,wam,joint_d1,terminal_approach,free_pre
16001,54,wam,joint_d1,terminal_approach,free_pre
16001,55,wam,joint_d1,terminal_approach,free_pre
16001,56,wam,joint_d1,terminal_approach,placement_release
16001,57,wam,joint_d1,terminal_approach,placement_release
16001,58,wam,joint_d1,terminal_approach,placement_release
16001,59,wam,joint_d1,terminal_approach,stable_transport
16001,60,wam,joint_d1,terminal_approach,stable_transport
16001,61,wam,joint_d1,terminal_approach,terminal_approach
16001,87,wam,joint_d1,contact_manipulation,contact_manipulation
16001,88,wam,joint_d1,contact_manipulation,contact_manipulation
16001,89,wam,joint_d1,contact_manipulation,contact_manipulation
16001,90,wam,joint_d1,contact_manipulation,contact_manipulation
16001,91,wam,joint_d1,contact_manipulation,contact_manipulation
16001,92,wam,joint_d1,contact_manipulation,contact_manipulation
16001,93,wam,joint_d1,contact_manipulation,contact_manipulation
16001,94,wam,joint_d1,contact_manipulation,contact_manipulation
16001,98,wam,joint_d1,contact_manipulation,contact_manipulation
16001,99,wam,joint_d1,contact_manipulation,stable_transport
16001,100,wam,joint_d1,contact_manipulation,stable_transport
16001,101,wam,joint_d1,contact_manipulation,stable_transport
16001,102,wam,joint_d1,contact_manipulation,stable_transport
16001,103,wam,joint_d1,contact_manipulation,stable_transport
16001,104,wam,joint_d1,contact_manipulation,stable_transport
16001,105,wam,joint_d1,contact_manipulation,stable_transport
16001,106,wam,joint_d1,contact_manipulation,stable_transport
16001,107,wam,joint_d1,contact_manipulation,stable_transport
16001,108,wam,joint_d1,contact_manipulation,stable_transport
16001,109,wam,joint_d1,contact_manipulation,stable_transport
16001,110,wam,joint_d1,contact_manipulation,stable_transport
16001,111,wam,joint_d1,contact_manipulation,stable_transport
16001,112,wam,joint_d1,contact_manipulation,stable_transport
16001,113,wam,joint_d1,contact_manipulation,stable_transport
16001,114,wam,joint_d1,contact_manipulation,stable_transport
16001,115,wam,joint_d1,contact_manipulation,placement_release
16001,116,wam,joint_d1,contact_manipulation,placement_release
16001,117,wam,joint_d1,contact_manipulation,placement_release
16001,118,wam,joint_d1,contact_manipulation,placement_release
16001,122,wam,joint_d1,contact_manipulation,stable_transport
16001,123,wam,joint_d1,contact_manipulation,stable_transport
16001,124,wam,joint_d1,contact_manipulation,stable_transport
16001,125,wam,joint_d1,contact_manipulation,stable_transport
16001,126,wam,joint_d1,contact_manipulation,stable_transport
16001,127,wam,joint_d1,contact_manipulation,stable_transport
16001,128,wam,joint_d1,contact_manipulation,stable_transport
16001,129,wam,joint_d1,contact_manipulation,stable_transport
16001,130,wam,joint_d1,contact_manipulation,stable_transport
16001,131,wam,joint_d1,contact_manipulation,terminal_approach
16001,132,wam,joint_d1,contact_manipulation,stable_transport
16001,133,wam,joint_d1,contact_manipulation,contact_manipulation
16001,134,wam,joint_d1,contact_manipulation,contact_manipulation
16001,135,wam,joint_d1,contact_manipulation,contact_manipulation
16001,136,wam,joint_d1,contact_manipulation,stable_transport
16001,137,wam,joint_d1,contact_manipulation,stable_transport
16001,138,wam,joint_d1,contact_manipulation,stable_transport
16001,139,wam,joint_d1,contact_manipulation,stable_transport
16001,140,wam,joint_d1,contact_manipulation,stable_transport
16001,141,wam,joint_d1,contact_manipulation,stable_transport
16001,142,wam,joint_d1,contact_manipulation,stable_transport
16001,146,wam,joint_d1,contact_manipulation,stable_transport
16001,147,wam,joint_d1,contact_manipulation,stable_transport
16001,163,wam,joint_d1,placement_release,stable_transport
16001,164,wam,joint_d1,placement_release,stable_transport
16001,165,wam,joint_d1,placement_release,stable_transport
16001,166,wam,joint_d1,placement_release,stable_transport
16001,170,wam,joint_d1,placement_release,placement_release
16001,171,wam,joint_d1,placement_release,placement_release
16001,172,wam,joint_d1,placement_release,placement_release
16001,173,wam,joint_d1,placement_release,placement_release
16001,174,wam,joint_d1,placement_release,placement_release
16001,175,wam,joint_d1,placement_release,placement_release
16001,176,wam,joint_d1,placement_release,placement_release
16001,177,wam,joint_d1,placement_release,placement_release
16001,178,wam,joint_d1,placement_release,placement_release
16001,179,wam,joint_d1,placement_release,placement_release
16001,189,wam,joint_d1,placement_release,placement_release
16001,190,wam,joint_d1,placement_release,placement_release
50458,26,wam,joint_d1,free_pre,terminal_approach
50458,27,wam,joint_d1,free_pre,free_pre
50458,28,wam,joint_d1,free_pre,free_pre
50458,29,wam,joint_d1,free_pre,terminal_approach
50458,30,wam,joint_d1,free_pre,terminal_approach
50458,31,wam,joint_d1,free_pre,terminal_approach
50458,32,wam,joint_d1,free_pre,terminal_approach
50458,33,wam,joint_d1,free_pre,terminal_approach
50458,34,wam,joint_d1,free_pre,terminal_approach
50458,35,wam,joint_d1,free_pre,terminal_approach
50458,53,wam,joint_d1,terminal_approach,free_pre
50458,54,wam,joint_d1,terminal_approach,free_pre
50458,55,wam,joint_d1,terminal_approach,terminal_approach
50458,56,wam,joint_d1,terminal_approach,terminal_approach
50458,57,wam,joint_d1,terminal_approach,terminal_approach
50458,58,wam,joint_d1,terminal_approach,terminal_approach
50458,59,wam,joint_d1,terminal_approach,terminal_approach
50458,60,wam,joint_d1,terminal_approach,terminal_approach
50458,61,wam,joint_d1,terminal_approach,terminal_approach
50458,62,wam,joint_d1,terminal_approach,terminal_approach
50458,63,wam,joint_d1,terminal_approach,terminal_approach
50458,75,wam,joint_d1,contact_manipulation,terminal_approach
50458,76,wam,joint_d1,contact_manipulation,terminal_approach
50458,77,wam,joint_d1,contact_manipulation,terminal_approach
50458,78,wam,joint_d1,contact_manipulation,terminal_approach
50458,79,wam,joint_d1,contact_manipulation,terminal_approach
50458,80,wam,joint_d1,contact_manipulation,terminal_approach
50458,81,wam,joint_d1,contact_manipulation,terminal_approach
50458,82,wam,joint_d1,contact_manipulation,terminal_approach
50458,83,wam,joint_d1,contact_manipulation,terminal_approach
50458,84,wam,joint_d1,contact_manipulation,terminal_approach
50458,85,wam,joint_d1,contact_manipulation,terminal_approach
50458,86,wam,joint_d1,contact_manipulation,terminal_approach
50458,87,wam,joint_d1,contact_manipulation,terminal_approach
50458,88,wam,joint_d1,contact_manipulation,terminal_approach
50458,89,wam,joint_d1,contact_manipulation,terminal_approach
50458,90,wam,joint_d1,contact_manipulation,terminal_approach
50458,91,wam,joint_d1,contact_manipulation,terminal_approach
50458,92,wam,joint_d1,contact_manipulation,terminal_approach
50458,93,wam,joint_d1,contact_manipulation,terminal_approach
50458,94,wam,joint_d1,contact_manipulation,terminal_approach
50458,98,wam,joint_d1,contact_manipulation,terminal_approach
50458,99,wam,joint_d1,contact_manipulation,terminal_approach
50458,100,wam,joint_d1,contact_manipulation,terminal_approach
50458,101,wam,joint_d1,contact_manipulation,contact_manipulation
50458,102,wam,joint_d1,contact_manipulation,contact_manipulation
50458,103,wam,joint_d1,contact_manipulation,contact_manipulation
50458,104,wam,joint_d1,contact_manipulation,contact_manipulation
50458,105,wam,joint_d1,contact_manipulation,contact_manipulation
50458,115,wam,joint_d1,contact_manipulation,contact_manipulation
50458,116,wam,joint_d1,contact_manipulation,contact_manipulation
50458,117,wam,joint_d1,contact_manipulation,contact_manipulation
50458,118,wam,joint_d1,contact_manipulation,contact_manipulation
50458,129,wam,joint_d1,stable_transport,terminal_approach
50458,130,wam,joint_d1,stable_transport,terminal_approach
50458,131,wam,joint_d1,stable_transport,terminal_approach
50458,132,wam,joint_d1,stable_transport,terminal_approach
50458,133,wam,joint_d1,stable_transport,terminal_approach
50458,134,wam,joint_d1,stable_transport,terminal_approach
50458,135,wam,joint_d1,stable_transport,terminal_approach
50458,136,wam,joint_d1,stable_transport,terminal_approach
50458,137,wam,joint_d1,stable_transport,terminal_approach
50458,138,wam,joint_d1,stable_transport,terminal_approach
50458,139,wam,joint_d1,stable_transport,terminal_approach
50458,140,wam,joint_d1,stable_transport,stable_transport
50458,141,wam,joint_d1,stable_transport,stable_transport
50458,142,wam,joint_d1,stable_transport,stable_transport
50458,146,wam,joint_d1,stable_transport,terminal_approach
50458,147,wam,joint_d1,stable_transport,terminal_approach
50458,148,wam,joint_d1,stable_transport,free_pre
50458,149,wam,joint_d1,stable_transport,free_pre
50458,150,wam,joint_d1,stable_transport,free_pre
50458,151,wam,joint_d1,stable_transport,free_pre
50458,152,wam,joint_d1,stable_transport,free_pre
50458,153,wam,joint_d1,stable_transport,free_pre
50458,154,wam,joint_d1,stable_transport,placement_release
50458,155,wam,joint_d1,stable_transport,placement_release
50458,156,wam,joint_d1,stable_transport,placement_release
50458,157,wam,joint_d1,stable_transport,placement_release
50458,158,wam,joint_d1,stable_transport,placement_release
50458,159,wam,joint_d1,stable_transport,placement_release
50458,160,wam,joint_d1,stable_transport,placement_release
50458,161,wam,joint_d1,stable_transport,placement_release
50458,162,wam,joint_d1,stable_transport,placement_release
50458,163,wam,joint_d1,stable_transport,placement_release
50458,164,wam,joint_d1,stable_transport,placement_release
50458,165,wam,joint_d1,stable_transport,placement_release
50458,166,wam,joint_d1,stable_transport,placement_release
50458,170,wam,joint_d1,stable_transport,terminal_approach
50458,171,wam,joint_d1,stable_transport,terminal_approach
50458,181,wam,joint_d1,placement_release,terminal_approach
1925,26,wam,joint_scalar,free_pre,free_pre
1925,27,wam,joint_scalar,free_pre,free_pre
1925,28,wam,joint_scalar,free_pre,free_pre
1925,29,wam,joint_scalar,free_pre,free_pre
1925,30,wam,joint_scalar,free_pre,free_pre
1925,31,wam,joint_scalar,free_pre,free_pre
1925,32,wam,joint_scalar,free_pre,free_pre
1925,33,wam,joint_scalar,free_pre,free_pre
1925,34,wam,joint_scalar,free_pre,free_pre
1925,35,wam,joint_scalar,free_pre,terminal_approach
1925,36,wam,joint_scalar,free_pre,terminal_approach
1925,37,wam,joint_scalar,free_pre,terminal_approach
1925,38,wam,joint_scalar,free_pre,terminal_approach
1925,39,wam,joint_scalar,free_pre,placement_release
1925,57,wam,joint_scalar,terminal_approach,contact_manipulation
1925,58,wam,joint_scalar,terminal_approach,contact_manipulation
1925,59,wam,joint_scalar,terminal_approach,contact_manipulation
1925,60,wam,joint_scalar,terminal_approach,placement_release
1925,61,wam,joint_scalar,terminal_approach,placement_release
1925,62,wam,joint_scalar,terminal_approach,placement_release
1925,63,wam,joint_scalar,terminal_approach,placement_release
1925,64,wam,joint_scalar,terminal_approach,placement_release
1925,65,wam,joint_scalar,terminal_approach,placement_release
1925,66,wam,joint_scalar,terminal_approach,placement_release
1925,67,wam,joint_scalar,terminal_approach,placement_release
1925,68,wam,joint_scalar,terminal_approach,placement_release
1925,69,wam,joint_scalar,terminal_approach,placement_release
1925,70,wam,joint_scalar,terminal_approach,placement_release
1925,74,wam,joint_scalar,terminal_approach,placement_release
1925,75,wam,joint_scalar,terminal_approach,placement_release
1925,76,wam,joint_scalar,terminal_approach,placement_release
1925,77,wam,joint_scalar,terminal_approach,placement_release
1925,98,wam,joint_scalar,contact_manipulation,placement_release
1925,99,wam,joint_scalar,contact_manipulation,placement_release
1925,100,wam,joint_scalar,contact_manipulation,placement_release
1925,101,wam,joint_scalar,contact_manipulation,placement_release
1925,102,wam,joint_scalar,contact_manipulation,placement_release
1925,103,wam,joint_scalar,contact_manipulation,placement_release
1925,104,wam,joint_scalar,contact_manipulation,placement_release
1925,105,wam,joint_scalar,contact_manipulation,placement_release
1925,106,wam,joint_scalar,contact_manipulation,contact_manipulation
1925,107,wam,joint_scalar,contact_manipulation,contact_manipulation
1925,117,wam,joint_scalar,contact_manipulation,placement_release
1925,118,wam,joint_scalar,contact_manipulation,placement_release
1925,122,wam,joint_scalar,contact_manipulation,placement_release
1925,123,wam,joint_scalar,contact_manipulation,placement_release
1925,124,wam,joint_scalar,contact_manipulation,placement_release
1925,125,wam,joint_scalar,contact_manipulation,placement_release
1925,137,wam,joint_scalar,stable_transport,free_pre
1925,138,wam,joint_scalar,stable_transport,free_pre
1925,139,wam,joint_scalar,stable_transport,free_pre
1925,140,wam,joint_scalar,stable_transport,free_pre
1925,141,wam,joint_scalar,stable_transport,terminal_approach
1925,142,wam,joint_scalar,stable_transport,stable_transport
1925,146,wam,joint_scalar,stable_transport,free_pre
1925,147,wam,joint_scalar,stable_transport,free_pre
1925,148,wam,joint_scalar,stable_transport,terminal_approach
1925,149,wam,joint_scalar,stable_transport,stable_transport
1925,150,wam,joint_scalar,stable_transport,stable_transport
1925,151,wam,joint_scalar,stable_transport,stable_transport
1925,152,wam,joint_scalar,stable_transport,contact_manipulation
1925,153,wam,joint_scalar,stable_transport,stable_transport
1925,154,wam,joint_scalar,stable_transport,contact_manipulation
1925,155,wam,joint_scalar,stable_transport,contact_manipulation
1925,156,wam,joint_scalar,stable_transport,contact_manipulation
1925,157,wam,joint_scalar,stable_transport,placement_release
1925,158,wam,joint_scalar,stable_transport,placement_release
1925,159,wam,joint_scalar,stable_transport,placement_release
1925,160,wam,joint_scalar,stable_transport,placement_release
1925,161,wam,joint_scalar,stable_transport,placement_release
1925,162,wam,joint_scalar,stable_transport,placement_release
1925,163,wam,joint_scalar,stable_transport,placement_release
1925,164,wam,joint_scalar,stable_transport,placement_release
1925,165,wam,joint_scalar,stable_transport,placement_release
1925,166,wam,joint_scalar,stable_transport,placement_release
1925,170,wam,joint_scalar,stable_transport,free_pre
1925,171,wam,joint_scalar,stable_transport,free_pre
1925,172,wam,joint_scalar,stable_transport,free_pre
1925,173,wam,joint_scalar,stable_transport,free_pre
1925,174,wam,joint_scalar,stable_transport,free_pre
1925,175,wam,joint_scalar,stable_transport,free_pre
1925,176,wam,joint_scalar,stable_transport,free_pre
1925,177,wam,joint_scalar,stable_transport,free_pre
16001,26,wam,joint_scalar,free_pre,stable_transport
16001,27,wam,joint_scalar,free_pre,stable_transport
16001,28,wam,joint_scalar,free_pre,free_pre
16001,29,wam,joint_scalar,free_pre,free_pre
16001,30,wam,joint_scalar,free_pre,free_pre
16001,31,wam,joint_scalar,free_pre,free_pre
16001,50,wam,joint_scalar,terminal_approach,stable_transport
16001,51,wam,joint_scalar,terminal_approach,stable_transport
16001,52,wam,joint_scalar,terminal_approach,free_pre
16001,53,wam,joint_scalar,terminal_approach,free_pre
16001,54,wam,joint_scalar,terminal_approach,stable_transport
16001,55,wam,joint_scalar,terminal_approach,stable_transport
16001,56,wam,joint_scalar,terminal_approach,stable_transport
16001,57,wam,joint_scalar,terminal_approach,free_pre
16001,58,wam,joint_scalar,terminal_approach,free_pre
16001,59,wam,joint_scalar,terminal_approach,free_pre
16001,60,wam,joint_scalar,terminal_approach,free_pre
16001,61,wam,joint_scalar,terminal_approach,free_pre
16001,87,wam,joint_scalar,contact_manipulation,contact_manipulation
16001,88,wam,joint_scalar,contact_manipulation,terminal_approach
16001,89,wam,joint_scalar,contact_manipulation,terminal_approach
16001,90,wam,joint_scalar,contact_manipulation,terminal_approach
16001,91,wam,joint_scalar,contact_manipulation,terminal_approach
16001,92,wam,joint_scalar,contact_manipulation,terminal_approach
16001,93,wam,joint_scalar,contact_manipulation,placement_release
16001,94,wam,joint_scalar,contact_manipulation,contact_manipulation
16001,98,wam,joint_scalar,contact_manipulation,contact_manipulation
16001,99,wam,joint_scalar,contact_manipulation,stable_transport
16001,100,wam,joint_scalar,contact_manipulation,placement_release
16001,101,wam,joint_scalar,contact_manipulation,stable_transport
16001,102,wam,joint_scalar,contact_manipulation,stable_transport
16001,103,wam,joint_scalar,contact_manipulation,stable_transport
16001,104,wam,joint_scalar,contact_manipulation,stable_transport
16001,105,wam,joint_scalar,contact_manipulation,stable_transport
16001,106,wam,joint_scalar,contact_manipulation,free_pre
16001,107,wam,joint_scalar,contact_manipulation,stable_transport
16001,108,wam,joint_scalar,contact_manipulation,free_pre
16001,109,wam,joint_scalar,contact_manipulation,free_pre
16001,110,wam,joint_scalar,contact_manipulation,stable_transport
16001,111,wam,joint_scalar,contact_manipulation,stable_transport
16001,112,wam,joint_scalar,contact_manipulation,stable_transport
16001,113,wam,joint_scalar,contact_manipulation,free_pre
16001,114,wam,joint_scalar,contact_manipulation,stable_transport
16001,115,wam,joint_scalar,contact_manipulation,free_pre
16001,116,wam,joint_scalar,contact_manipulation,stable_transport
16001,117,wam,joint_scalar,contact_manipulation,free_pre
16001,118,wam,joint_scalar,contact_manipulation,stable_transport
16001,122,wam,joint_scalar,contact_manipulation,stable_transport
16001,123,wam,joint_scalar,contact_manipulation,stable_transport
16001,124,wam,joint_scalar,contact_manipulation,stable_transport
16001,125,wam,joint_scalar,contact_manipulation,stable_transport
16001,126,wam,joint_scalar,contact_manipulation,stable_transport
16001,127,wam,joint_scalar,contact_manipulation,free_pre
16001,128,wam,joint_scalar,contact_manipulation,free_pre
16001,129,wam,joint_scalar,contact_manipulation,stable_transport
16001,130,wam,joint_scalar,contact_manipulation,free_pre
16001,131,wam,joint_scalar,contact_manipulation,free_pre
16001,132,wam,joint_scalar,contact_manipulation,free_pre
16001,133,wam,joint_scalar,contact_manipulation,free_pre
16001,134,wam,joint_scalar,contact_manipulation,contact_manipulation
16001,135,wam,joint_scalar,contact_manipulation,contact_manipulation
16001,136,wam,joint_scalar,contact_manipulation,free_pre
16001,137,wam,joint_scalar,contact_manipulation,free_pre
16001,138,wam,joint_scalar,contact_manipulation,stable_transport
16001,139,wam,joint_scalar,contact_manipulation,stable_transport
16001,140,wam,joint_scalar,contact_manipulation,stable_transport
16001,141,wam,joint_scalar,contact_manipulation,placement_release
16001,142,wam,joint_scalar,contact_manipulation,contact_manipulation
16001,146,wam,joint_scalar,contact_manipulation,contact_manipulation
16001,147,wam,joint_scalar,contact_manipulation,stable_transport
16001,163,wam,joint_scalar,placement_release,stable_transport
16001,164,wam,joint_scalar,placement_release,terminal_approach
16001,165,wam,joint_scalar,placement_release,terminal_approach
16001,166,wam,joint_scalar,placement_release,terminal_approach
16001,170,wam,joint_scalar,placement_release,contact_manipulation
16001,171,wam,joint_scalar,placement_release,contact_manipulation
16001,172,wam,joint_scalar,placement_release,placement_release
16001,173,wam,joint_scalar,placement_release,terminal_approach
16001,174,wam,joint_scalar,placement_release,terminal_approach
16001,175,wam,joint_scalar,placement_release,terminal_approach
16001,176,wam,joint_scalar,placement_release,terminal_approach
16001,177,wam,joint_scalar,placement_release,terminal_approach
16001,178,wam,joint_scalar,placement_release,terminal_approach
16001,179,wam,joint_scalar,placement_release,terminal_approach
16001,189,wam,joint_scalar,placement_release,placement_release
16001,190,wam,joint_scalar,placement_release,terminal_approach
50458,26,wam,joint_scalar,free_pre,stable_transport
50458,27,wam,joint_scalar,free_pre,stable_transport
50458,28,wam,joint_scalar,free_pre,stable_transport
50458,29,wam,joint_scalar,free_pre,stable_transport
50458,30,wam,joint_scalar,free_pre,stable_transport
50458,31,wam,joint_scalar,free_pre,stable_transport
50458,32,wam,joint_scalar,free_pre,stable_transport
50458,33,wam,joint_scalar,free_pre,stable_transport
50458,34,wam,joint_scalar,free_pre,stable_transport
50458,35,wam,joint_scalar,free_pre,stable_transport
50458,53,wam,joint_scalar,terminal_approach,placement_release
50458,54,wam,joint_scalar,terminal_approach,terminal_approach
50458,55,wam,joint_scalar,terminal_approach,placement_release
50458,56,wam,joint_scalar,terminal_approach,contact_manipulation
50458,57,wam,joint_scalar,terminal_approach,contact_manipulation
50458,58,wam,joint_scalar,terminal_approach,stable_transport
50458,59,wam,joint_scalar,terminal_approach,stable_transport
50458,60,wam,joint_scalar,terminal_approach,stable_transport
50458,61,wam,joint_scalar,terminal_approach,stable_transport
50458,62,wam,joint_scalar,terminal_approach,stable_transport
50458,63,wam,joint_scalar,terminal_approach,stable_transport
50458,75,wam,joint_scalar,contact_manipulation,placement_release
50458,76,wam,joint_scalar,contact_manipulation,placement_release
50458,77,wam,joint_scalar,contact_manipulation,placement_release
50458,78,wam,joint_scalar,contact_manipulation,placement_release
50458,79,wam,joint_scalar,contact_manipulation,placement_release
50458,80,wam,joint_scalar,contact_manipulation,placement_release
50458,81,wam,joint_scalar,contact_manipulation,placement_release
50458,82,wam,joint_scalar,contact_manipulation,contact_manipulation
50458,83,wam,joint_scalar,contact_manipulation,placement_release
50458,84,wam,joint_scalar,contact_manipulation,placement_release
50458,85,wam,joint_scalar,contact_manipulation,placement_release
50458,86,wam,joint_scalar,contact_manipulation,placement_release
50458,87,wam,joint_scalar,contact_manipulation,placement_release
50458,88,wam,joint_scalar,contact_manipulation,placement_release
50458,89,wam,joint_scalar,contact_manipulation,placement_release
50458,90,wam,joint_scalar,contact_manipulation,terminal_approach
50458,91,wam,joint_scalar,contact_manipulation,placement_release
50458,92,wam,joint_scalar,contact_manipulation,stable_transport
50458,93,wam,joint_scalar,contact_manipulation,stable_transport
50458,94,wam,joint_scalar,contact_manipulation,stable_transport
50458,98,wam,joint_scalar,contact_manipulation,placement_release
50458,99,wam,joint_scalar,contact_manipulation,placement_release
50458,100,wam,joint_scalar,contact_manipulation,contact_manipulation
50458,101,wam,joint_scalar,contact_manipulation,placement_release
50458,102,wam,joint_scalar,contact_manipulation,placement_release
50458,103,wam,joint_scalar,contact_manipulation,terminal_approach
50458,104,wam,joint_scalar,contact_manipulation,terminal_approach
50458,105,wam,joint_scalar,contact_manipulation,stable_transport
50458,115,wam,joint_scalar,contact_manipulation,stable_transport
50458,116,wam,joint_scalar,contact_manipulation,stable_transport
50458,117,wam,joint_scalar,contact_manipulation,stable_transport
50458,118,wam,joint_scalar,contact_manipulation,stable_transport
50458,129,wam,joint_scalar,stable_transport,terminal_approach
50458,130,wam,joint_scalar,stable_transport,terminal_approach
50458,131,wam,joint_scalar,stable_transport,terminal_approach
50458,132,wam,joint_scalar,stable_transport,terminal_approach
50458,133,wam,joint_scalar,stable_transport,terminal_approach
50458,134,wam,joint_scalar,stable_transport,terminal_approach
50458,135,wam,joint_scalar,stable_transport,contact_manipulation
50458,136,wam,joint_scalar,stable_transport,contact_manipulation
50458,137,wam,joint_scalar,stable_transport,terminal_approach
50458,138,wam,joint_scalar,stable_transport,terminal_approach
50458,139,wam,joint_scalar,stable_transport,terminal_approach
50458,140,wam,joint_scalar,stable_transport,free_pre
50458,141,wam,joint_scalar,stable_transport,free_pre
50458,142,wam,joint_scalar,stable_transport,stable_transport
50458,146,wam,joint_scalar,stable_transport,contact_manipulation
50458,147,wam,joint_scalar,stable_transport,stable_transport
50458,148,wam,joint_scalar,stable_transport,contact_manipulation
50458,149,wam,joint_scalar,stable_transport,stable_transport
50458,150,wam,joint_scalar,stable_transport,stable_transport
50458,151,wam,joint_scalar,stable_transport,stable_transport
50458,152,wam,joint_scalar,stable_transport,stable_transport
50458,153,wam,joint_scalar,stable_transport,contact_manipulation
50458,154,wam,joint_scalar,stable_transport,contact_manipulation
50458,155,wam,joint_scalar,stable_transport,stable_transport
50458,156,wam,joint_scalar,stable_transport,stable_transport
50458,157,wam,joint_scalar,stable_transport,stable_transport
50458,158,wam,joint_scalar,stable_transport,stable_transport
50458,159,wam,joint_scalar,stable_transport,stable_transport
50458,160,wam,joint_scalar,stable_transport,stable_transport
50458,161,wam,joint_scalar,stable_transport,stable_transport
50458,162,wam,joint_scalar,stable_transport,stable_transport
50458,163,wam,joint_scalar,stable_transport,stable_transport
50458,164,wam,joint_scalar,stable_transport,stable_transport
50458,165,wam,joint_scalar,stable_transport,terminal_approach
50458,166,wam,joint_scalar,stable_transport,terminal_approach
50458,170,wam,joint_scalar,stable_transport,stable_transport
50458,171,wam,joint_scalar,stable_transport,stable_transport
50458,181,wam,joint_scalar,placement_release,placement_release
1925,26,wam,joint_dynamics,free_pre,terminal_approach
1925,27,wam,joint_dynamics,free_pre,terminal_approach
1925,28,wam,joint_dynamics,free_pre,terminal_approach
1925,29,wam,joint_dynamics,free_pre,terminal_approach
1925,30,wam,joint_dynamics,free_pre,terminal_approach
1925,31,wam,joint_dynamics,free_pre,terminal_approach
1925,32,wam,joint_dynamics,free_pre,stable_transport
1925,33,wam,joint_dynamics,free_pre,stable_transport
1925,34,wam,joint_dynamics,free_pre,stable_transport
1925,35,wam,joint_dynamics,free_pre,terminal_approach
1925,36,wam,joint_dynamics,free_pre,contact_manipulation
1925,37,wam,joint_dynamics,free_pre,contact_manipulation
1925,38,wam,joint_dynamics,free_pre,terminal_approach
1925,39,wam,joint_dynamics,free_pre,placement_release
1925,57,wam,joint_dynamics,terminal_approach,terminal_approach
1925,58,wam,joint_dynamics,terminal_approach,stable_transport
1925,59,wam,joint_dynamics,terminal_approach,stable_transport
1925,60,wam,joint_dynamics,terminal_approach,terminal_approach
1925,61,wam,joint_dynamics,terminal_approach,stable_transport
1925,62,wam,joint_dynamics,terminal_approach,terminal_approach
1925,63,wam,joint_dynamics,terminal_approach,contact_manipulation
1925,64,wam,joint_dynamics,terminal_approach,contact_manipulation
1925,65,wam,joint_dynamics,terminal_approach,contact_manipulation
1925,66,wam,joint_dynamics,terminal_approach,terminal_approach
1925,67,wam,joint_dynamics,terminal_approach,contact_manipulation
1925,68,wam,joint_dynamics,terminal_approach,contact_manipulation
1925,69,wam,joint_dynamics,terminal_approach,contact_manipulation
1925,70,wam,joint_dynamics,terminal_approach,contact_manipulation
1925,74,wam,joint_dynamics,terminal_approach,contact_manipulation
1925,75,wam,joint_dynamics,terminal_approach,contact_manipulation
1925,76,wam,joint_dynamics,terminal_approach,contact_manipulation
1925,77,wam,joint_dynamics,terminal_approach,contact_manipulation
1925,98,wam,joint_dynamics,contact_manipulation,placement_release
1925,99,wam,joint_dynamics,contact_manipulation,placement_release
1925,100,wam,joint_dynamics,contact_manipulation,terminal_approach
1925,101,wam,joint_dynamics,contact_manipulation,placement_release
1925,102,wam,joint_dynamics,contact_manipulation,placement_release
1925,103,wam,joint_dynamics,contact_manipulation,placement_release
1925,104,wam,joint_dynamics,contact_manipulation,contact_manipulation
1925,105,wam,joint_dynamics,contact_manipulation,placement_release
1925,106,wam,joint_dynamics,contact_manipulation,contact_manipulation
1925,107,wam,joint_dynamics,contact_manipulation,terminal_approach
1925,117,wam,joint_dynamics,contact_manipulation,contact_manipulation
1925,118,wam,joint_dynamics,contact_manipulation,contact_manipulation
1925,122,wam,joint_dynamics,contact_manipulation,contact_manipulation
1925,123,wam,joint_dynamics,contact_manipulation,contact_manipulation
1925,124,wam,joint_dynamics,contact_manipulation,contact_manipulation
1925,125,wam,joint_dynamics,contact_manipulation,contact_manipulation
1925,137,wam,joint_dynamics,stable_transport,free_pre
1925,138,wam,joint_dynamics,stable_transport,stable_transport
1925,139,wam,joint_dynamics,stable_transport,placement_release
1925,140,wam,joint_dynamics,stable_transport,placement_release
1925,141,wam,joint_dynamics,stable_transport,terminal_approach
1925,142,wam,joint_dynamics,stable_transport,terminal_approach
1925,146,wam,joint_dynamics,stable_transport,stable_transport
1925,147,wam,joint_dynamics,stable_transport,stable_transport
1925,148,wam,joint_dynamics,stable_transport,stable_transport
1925,149,wam,joint_dynamics,stable_transport,stable_transport
1925,150,wam,joint_dynamics,stable_transport,stable_transport
1925,151,wam,joint_dynamics,stable_transport,stable_transport
1925,152,wam,joint_dynamics,stable_transport,stable_transport
1925,153,wam,joint_dynamics,stable_transport,stable_transport
1925,154,wam,joint_dynamics,stable_transport,contact_manipulation
1925,155,wam,joint_dynamics,stable_transport,contact_manipulation
1925,156,wam,joint_dynamics,stable_transport,contact_manipulation
1925,157,wam,joint_dynamics,stable_transport,placement_release
1925,158,wam,joint_dynamics,stable_transport,contact_manipulation
1925,159,wam,joint_dynamics,stable_transport,placement_release
1925,160,wam,joint_dynamics,stable_transport,contact_manipulation
1925,161,wam,joint_dynamics,stable_transport,contact_manipulation
1925,162,wam,joint_dynamics,stable_transport,contact_manipulation
1925,163,wam,joint_dynamics,stable_transport,contact_manipulation
1925,164,wam,joint_dynamics,stable_transport,contact_manipulation
1925,165,wam,joint_dynamics,stable_transport,contact_manipulation
1925,166,wam,joint_dynamics,stable_transport,contact_manipulation
1925,170,wam,joint_dynamics,stable_transport,stable_transport
1925,171,wam,joint_dynamics,stable_transport,stable_transport
1925,172,wam,joint_dynamics,stable_transport,stable_transport
1925,173,wam,joint_dynamics,stable_transport,stable_transport
1925,174,wam,joint_dynamics,stable_transport,contact_manipulation
1925,175,wam,joint_dynamics,stable_transport,contact_manipulation
1925,176,wam,joint_dynamics,stable_transport,contact_manipulation
1925,177,wam,joint_dynamics,stable_transport,contact_manipulation
16001,26,wam,joint_dynamics,free_pre,free_pre
16001,27,wam,joint_dynamics,free_pre,free_pre
16001,28,wam,joint_dynamics,free_pre,free_pre
16001,29,wam,joint_dynamics,free_pre,free_pre
16001,30,wam,joint_dynamics,free_pre,free_pre
16001,31,wam,joint_dynamics,free_pre,free_pre
16001,50,wam,joint_dynamics,terminal_approach,free_pre
16001,51,wam,joint_dynamics,terminal_approach,free_pre
16001,52,wam,joint_dynamics,terminal_approach,free_pre
16001,53,wam,joint_dynamics,terminal_approach,free_pre
16001,54,wam,joint_dynamics,terminal_approach,free_pre
16001,55,wam,joint_dynamics,terminal_approach,free_pre
16001,56,wam,joint_dynamics,terminal_approach,free_pre
16001,57,wam,joint_dynamics,terminal_approach,placement_release
16001,58,wam,joint_dynamics,terminal_approach,placement_release
16001,59,wam,joint_dynamics,terminal_approach,contact_manipulation
16001,60,wam,joint_dynamics,terminal_approach,stable_transport
16001,61,wam,joint_dynamics,terminal_approach,free_pre
16001,87,wam,joint_dynamics,contact_manipulation,contact_manipulation
16001,88,wam,joint_dynamics,contact_manipulation,contact_manipulation
16001,89,wam,joint_dynamics,contact_manipulation,contact_manipulation
16001,90,wam,joint_dynamics,contact_manipulation,contact_manipulation
16001,91,wam,joint_dynamics,contact_manipulation,contact_manipulation
16001,92,wam,joint_dynamics,contact_manipulation,contact_manipulation
16001,93,wam,joint_dynamics,contact_manipulation,contact_manipulation
16001,94,wam,joint_dynamics,contact_manipulation,contact_manipulation
16001,98,wam,joint_dynamics,contact_manipulation,stable_transport
16001,99,wam,joint_dynamics,contact_manipulation,contact_manipulation
16001,100,wam,joint_dynamics,contact_manipulation,stable_transport
16001,101,wam,joint_dynamics,contact_manipulation,stable_transport
16001,102,wam,joint_dynamics,contact_manipulation,stable_transport
16001,103,wam,joint_dynamics,contact_manipulation,stable_transport
16001,104,wam,joint_dynamics,contact_manipulation,stable_transport
16001,105,wam,joint_dynamics,contact_manipulation,stable_transport
16001,106,wam,joint_dynamics,contact_manipulation,stable_transport
16001,107,wam,joint_dynamics,contact_manipulation,stable_transport
16001,108,wam,joint_dynamics,contact_manipulation,stable_transport
16001,109,wam,joint_dynamics,contact_manipulation,stable_transport
16001,110,wam,joint_dynamics,contact_manipulation,stable_transport
16001,111,wam,joint_dynamics,contact_manipulation,stable_transport
16001,112,wam,joint_dynamics,contact_manipulation,stable_transport
16001,113,wam,joint_dynamics,contact_manipulation,stable_transport
16001,114,wam,joint_dynamics,contact_manipulation,stable_transport
16001,115,wam,joint_dynamics,contact_manipulation,stable_transport
16001,116,wam,joint_dynamics,contact_manipulation,stable_transport
16001,117,wam,joint_dynamics,contact_manipulation,stable_transport
16001,118,wam,joint_dynamics,contact_manipulation,stable_transport
16001,122,wam,joint_dynamics,contact_manipulation,stable_transport
16001,123,wam,joint_dynamics,contact_manipulation,stable_transport
16001,124,wam,joint_dynamics,contact_manipulation,stable_transport
16001,125,wam,joint_dynamics,contact_manipulation,stable_transport
16001,126,wam,joint_dynamics,contact_manipulation,stable_transport
16001,127,wam,joint_dynamics,contact_manipulation,stable_transport
16001,128,wam,joint_dynamics,contact_manipulation,stable_transport
16001,129,wam,joint_dynamics,contact_manipulation,stable_transport
16001,130,wam,joint_dynamics,contact_manipulation,contact_manipulation
16001,131,wam,joint_dynamics,contact_manipulation,terminal_approach
16001,132,wam,joint_dynamics,contact_manipulation,terminal_approach
16001,133,wam,joint_dynamics,contact_manipulation,free_pre
16001,134,wam,joint_dynamics,contact_manipulation,contact_manipulation
16001,135,wam,joint_dynamics,contact_manipulation,contact_manipulation
16001,136,wam,joint_dynamics,contact_manipulation,free_pre
16001,137,wam,joint_dynamics,contact_manipulation,placement_release
16001,138,wam,joint_dynamics,contact_manipulation,stable_transport
16001,139,wam,joint_dynamics,contact_manipulation,stable_transport
16001,140,wam,joint_dynamics,contact_manipulation,stable_transport
16001,141,wam,joint_dynamics,contact_manipulation,stable_transport
16001,142,wam,joint_dynamics,contact_manipulation,stable_transport
16001,146,wam,joint_dynamics,contact_manipulation,stable_transport
16001,147,wam,joint_dynamics,contact_manipulation,stable_transport
16001,163,wam,joint_dynamics,placement_release,terminal_approach
16001,164,wam,joint_dynamics,placement_release,stable_transport
16001,165,wam,joint_dynamics,placement_release,stable_transport
16001,166,wam,joint_dynamics,placement_release,stable_transport
16001,170,wam,joint_dynamics,placement_release,stable_transport
16001,171,wam,joint_dynamics,placement_release,contact_manipulation
16001,172,wam,joint_dynamics,placement_release,contact_manipulation
16001,173,wam,joint_dynamics,placement_release,placement_release
16001,174,wam,joint_dynamics,placement_release,placement_release
16001,175,wam,joint_dynamics,placement_release,contact_manipulation
16001,176,wam,joint_dynamics,placement_release,contact_manipulation
16001,177,wam,joint_dynamics,placement_release,contact_manipulation
16001,178,wam,joint_dynamics,placement_release,contact_manipulation
16001,179,wam,joint_dynamics,placement_release,contact_manipulation
16001,189,wam,joint_dynamics,placement_release,contact_manipulation
16001,190,wam,joint_dynamics,placement_release,contact_manipulation
50458,26,wam,joint_dynamics,free_pre,terminal_approach
50458,27,wam,joint_dynamics,free_pre,terminal_approach
50458,28,wam,joint_dynamics,free_pre,terminal_approach
50458,29,wam,joint_dynamics,free_pre,terminal_approach
50458,30,wam,joint_dynamics,free_pre,free_pre
50458,31,wam,joint_dynamics,free_pre,terminal_approach
50458,32,wam,joint_dynamics,free_pre,terminal_approach
50458,33,wam,joint_dynamics,free_pre,terminal_approach
50458,34,wam,joint_dynamics,free_pre,terminal_approach
50458,35,wam,joint_dynamics,free_pre,terminal_approach
50458,53,wam,joint_dynamics,terminal_approach,placement_release
50458,54,wam,joint_dynamics,terminal_approach,free_pre
50458,55,wam,joint_dynamics,terminal_approach,terminal_approach
50458,56,wam,joint_dynamics,terminal_approach,terminal_approach
50458,57,wam,joint_dynamics,terminal_approach,terminal_approach
50458,58,wam,joint_dynamics,terminal_approach,terminal_approach
50458,59,wam,joint_dynamics,terminal_approach,terminal_approach
50458,60,wam,joint_dynamics,terminal_approach,terminal_approach
50458,61,wam,joint_dynamics,terminal_approach,terminal_approach
50458,62,wam,joint_dynamics,terminal_approach,terminal_approach
50458,63,wam,joint_dynamics,terminal_approach,terminal_approach
50458,75,wam,joint_dynamics,contact_manipulation,terminal_approach
50458,76,wam,joint_dynamics,contact_manipulation,terminal_approach
50458,77,wam,joint_dynamics,contact_manipulation,terminal_approach
50458,78,wam,joint_dynamics,contact_manipulation,terminal_approach
50458,79,wam,joint_dynamics,contact_manipulation,terminal_approach
50458,80,wam,joint_dynamics,contact_manipulation,terminal_approach
50458,81,wam,joint_dynamics,contact_manipulation,terminal_approach
50458,82,wam,joint_dynamics,contact_manipulation,terminal_approach
50458,83,wam,joint_dynamics,contact_manipulation,terminal_approach
50458,84,wam,joint_dynamics,contact_manipulation,terminal_approach
50458,85,wam,joint_dynamics,contact_manipulation,terminal_approach
50458,86,wam,joint_dynamics,contact_manipulation,terminal_approach
50458,87,wam,joint_dynamics,contact_manipulation,terminal_approach
50458,88,wam,joint_dynamics,contact_manipulation,terminal_approach
50458,89,wam,joint_dynamics,contact_manipulation,terminal_approach
50458,90,wam,joint_dynamics,contact_manipulation,terminal_approach
50458,91,wam,joint_dynamics,contact_manipulation,terminal_approach
50458,92,wam,joint_dynamics,contact_manipulation,terminal_approach
50458,93,wam,joint_dynamics,contact_manipulation,terminal_approach
50458,94,wam,joint_dynamics,contact_manipulation,terminal_approach
50458,98,wam,joint_dynamics,contact_manipulation,terminal_approach
50458,99,wam,joint_dynamics,contact_manipulation,terminal_approach
50458,100,wam,joint_dynamics,contact_manipulation,terminal_approach
50458,101,wam,joint_dynamics,contact_manipulation,terminal_approach
50458,102,wam,joint_dynamics,contact_manipulation,contact_manipulation
50458,103,wam,joint_dynamics,contact_manipulation,contact_manipulation
50458,104,wam,joint_dynamics,contact_manipulation,contact_manipulation
50458,105,wam,joint_dynamics,contact_manipulation,contact_manipulation
50458,115,wam,joint_dynamics,contact_manipulation,contact_manipulation
50458,116,wam,joint_dynamics,contact_manipulation,contact_manipulation
50458,117,wam,joint_dynamics,contact_manipulation,contact_manipulation
50458,118,wam,joint_dynamics,contact_manipulation,contact_manipulation
50458,129,wam,joint_dynamics,stable_transport,terminal_approach
50458,130,wam,joint_dynamics,stable_transport,terminal_approach
50458,131,wam,joint_dynamics,stable_transport,terminal_approach
50458,132,wam,joint_dynamics,stable_transport,terminal_approach
50458,133,wam,joint_dynamics,stable_transport,terminal_approach
50458,134,wam,joint_dynamics,stable_transport,terminal_approach
50458,135,wam,joint_dynamics,stable_transport,terminal_approach
50458,136,wam,joint_dynamics,stable_transport,terminal_approach
50458,137,wam,joint_dynamics,stable_transport,terminal_approach
50458,138,wam,joint_dynamics,stable_transport,terminal_approach
50458,139,wam,joint_dynamics,stable_transport,terminal_approach
50458,140,wam,joint_dynamics,stable_transport,free_pre
50458,141,wam,joint_dynamics,stable_transport,stable_transport
50458,142,wam,joint_dynamics,stable_transport,stable_transport
50458,146,wam,joint_dynamics,stable_transport,terminal_approach
50458,147,wam,joint_dynamics,stable_transport,terminal_approach
50458,148,wam,joint_dynamics,stable_transport,terminal_approach
50458,149,wam,joint_dynamics,stable_transport,placement_release
50458,150,wam,joint_dynamics,stable_transport,free_pre
50458,151,wam,joint_dynamics,stable_transport,placement_release
50458,152,wam,joint_dynamics,stable_transport,placement_release
50458,153,wam,joint_dynamics,stable_transport,placement_release
50458,154,wam,joint_dynamics,stable_transport,placement_release
50458,155,wam,joint_dynamics,stable_transport,placement_release
50458,156,wam,joint_dynamics,stable_transport,placement_release
50458,157,wam,joint_dynamics,stable_transport,placement_release
50458,158,wam,joint_dynamics,stable_transport,placement_release
50458,159,wam,joint_dynamics,stable_transport,placement_release
50458,160,wam,joint_dynamics,stable_transport,placement_release
50458,161,wam,joint_dynamics,stable_transport,placement_release
50458,162,wam,joint_dynamics,stable_transport,placement_release
50458,163,wam,joint_dynamics,stable_transport,placement_release
50458,164,wam,joint_dynamics,stable_transport,placement_release
50458,165,wam,joint_dynamics,stable_transport,free_pre
50458,166,wam,joint_dynamics,stable_transport,placement_release
50458,170,wam,joint_dynamics,stable_transport,terminal_approach
50458,171,wam,joint_dynamics,stable_transport,terminal_approach
50458,181,wam,joint_dynamics,placement_release,placement_release
1925,26,wam,gripper_only,free_pre,free_pre
1925,27,wam,gripper_only,free_pre,free_pre
1925,28,wam,gripper_only,free_pre,free_pre
1925,29,wam,gripper_only,free_pre,free_pre
1925,30,wam,gripper_only,free_pre,free_pre
1925,31,wam,gripper_only,free_pre,free_pre
1925,32,wam,gripper_only,free_pre,free_pre
1925,33,wam,gripper_only,free_pre,free_pre
1925,34,wam,gripper_only,free_pre,free_pre
1925,35,wam,gripper_only,free_pre,free_pre
1925,36,wam,gripper_only,free_pre,free_pre
1925,37,wam,gripper_only,free_pre,free_pre
1925,38,wam,gripper_only,free_pre,free_pre
1925,39,wam,gripper_only,free_pre,free_pre
1925,57,wam,gripper_only,terminal_approach,terminal_approach
1925,58,wam,gripper_only,terminal_approach,terminal_approach
1925,59,wam,gripper_only,terminal_approach,terminal_approach
1925,60,wam,gripper_only,terminal_approach,placement_release
1925,61,wam,gripper_only,terminal_approach,placement_release
1925,62,wam,gripper_only,terminal_approach,placement_release
1925,63,wam,gripper_only,terminal_approach,terminal_approach
1925,64,wam,gripper_only,terminal_approach,terminal_approach
1925,65,wam,gripper_only,terminal_approach,terminal_approach
1925,66,wam,gripper_only,terminal_approach,terminal_approach
1925,67,wam,gripper_only,terminal_approach,terminal_approach
1925,68,wam,gripper_only,terminal_approach,contact_manipulation
1925,69,wam,gripper_only,terminal_approach,contact_manipulation
1925,70,wam,gripper_only,terminal_approach,contact_manipulation
1925,74,wam,gripper_only,terminal_approach,terminal_approach
1925,75,wam,gripper_only,terminal_approach,terminal_approach
1925,76,wam,gripper_only,terminal_approach,terminal_approach
1925,77,wam,gripper_only,terminal_approach,terminal_approach
1925,98,wam,gripper_only,contact_manipulation,terminal_approach
1925,99,wam,gripper_only,contact_manipulation,terminal_approach
1925,100,wam,gripper_only,contact_manipulation,terminal_approach
1925,101,wam,gripper_only,contact_manipulation,terminal_approach
1925,102,wam,gripper_only,contact_manipulation,terminal_approach
1925,103,wam,gripper_only,contact_manipulation,terminal_approach
1925,104,wam,gripper_only,contact_manipulation,terminal_approach
1925,105,wam,gripper_only,contact_manipulation,contact_manipulation
1925,106,wam,gripper_only,contact_manipulation,contact_manipulation
1925,107,wam,gripper_only,contact_manipulation,contact_manipulation
1925,117,wam,gripper_only,contact_manipulation,placement_release
1925,118,wam,gripper_only,contact_manipulation,placement_release
1925,122,wam,gripper_only,contact_manipulation,stable_transport
1925,123,wam,gripper_only,contact_manipulation,stable_transport
1925,124,wam,gripper_only,contact_manipulation,stable_transport
1925,125,wam,gripper_only,contact_manipulation,stable_transport
1925,137,wam,gripper_only,stable_transport,stable_transport
1925,138,wam,gripper_only,stable_transport,stable_transport
1925,139,wam,gripper_only,stable_transport,stable_transport
1925,140,wam,gripper_only,stable_transport,stable_transport
1925,141,wam,gripper_only,stable_transport,stable_transport
1925,142,wam,gripper_only,stable_transport,stable_transport
1925,146,wam,gripper_only,stable_transport,stable_transport
1925,147,wam,gripper_only,stable_transport,stable_transport
1925,148,wam,gripper_only,stable_transport,stable_transport
1925,149,wam,gripper_only,stable_transport,stable_transport
1925,150,wam,gripper_only,stable_transport,stable_transport
1925,151,wam,gripper_only,stable_transport,stable_transport
1925,152,wam,gripper_only,stable_transport,stable_transport
1925,153,wam,gripper_only,stable_transport,stable_transport
1925,154,wam,gripper_only,stable_transport,stable_transport
1925,155,wam,gripper_only,stable_transport,stable_transport
1925,156,wam,gripper_only,stable_transport,stable_transport
1925,157,wam,gripper_only,stable_transport,stable_transport
1925,158,wam,gripper_only,stable_transport,stable_transport
1925,159,wam,gripper_only,stable_transport,stable_transport
1925,160,wam,gripper_only,stable_transport,stable_transport
1925,161,wam,gripper_only,stable_transport,stable_transport
1925,162,wam,gripper_only,stable_transport,placement_release
1925,163,wam,gripper_only,stable_transport,placement_release
1925,164,wam,gripper_only,stable_transport,placement_release
1925,165,wam,gripper_only,stable_transport,placement_release
1925,166,wam,gripper_only,stable_transport,placement_release
1925,170,wam,gripper_only,stable_transport,stable_transport
1925,171,wam,gripper_only,stable_transport,stable_transport
1925,172,wam,gripper_only,stable_transport,stable_transport
1925,173,wam,gripper_only,stable_transport,stable_transport
1925,174,wam,gripper_only,stable_transport,stable_transport
1925,175,wam,gripper_only,stable_transport,stable_transport
1925,176,wam,gripper_only,stable_transport,stable_transport
1925,177,wam,gripper_only,stable_transport,stable_transport
16001,26,wam,gripper_only,free_pre,free_pre
16001,27,wam,gripper_only,free_pre,free_pre
16001,28,wam,gripper_only,free_pre,free_pre
16001,29,wam,gripper_only,free_pre,free_pre
16001,30,wam,gripper_only,free_pre,free_pre
16001,31,wam,gripper_only,free_pre,free_pre
16001,50,wam,gripper_only,terminal_approach,free_pre
16001,51,wam,gripper_only,terminal_approach,free_pre
16001,52,wam,gripper_only,terminal_approach,free_pre
16001,53,wam,gripper_only,terminal_approach,free_pre
16001,54,wam,gripper_only,terminal_approach,free_pre
16001,55,wam,gripper_only,terminal_approach,free_pre
16001,56,wam,gripper_only,terminal_approach,free_pre
16001,57,wam,gripper_only,terminal_approach,free_pre
16001,58,wam,gripper_only,terminal_approach,free_pre
16001,59,wam,gripper_only,terminal_approach,free_pre
16001,60,wam,gripper_only,terminal_approach,free_pre
16001,61,wam,gripper_only,terminal_approach,free_pre
16001,87,wam,gripper_only,contact_manipulation,contact_manipulation
16001,88,wam,gripper_only,contact_manipulation,contact_manipulation
16001,89,wam,gripper_only,contact_manipulation,contact_manipulation
16001,90,wam,gripper_only,contact_manipulation,stable_transport
16001,91,wam,gripper_only,contact_manipulation,stable_transport
16001,92,wam,gripper_only,contact_manipulation,stable_transport
16001,93,wam,gripper_only,contact_manipulation,stable_transport
16001,94,wam,gripper_only,contact_manipulation,stable_transport
16001,98,wam,gripper_only,contact_manipulation,contact_manipulation
16001,99,wam,gripper_only,contact_manipulation,contact_manipulation
16001,100,wam,gripper_only,contact_manipulation,contact_manipulation
16001,101,wam,gripper_only,contact_manipulation,contact_manipulation
16001,102,wam,gripper_only,contact_manipulation,contact_manipulation
16001,103,wam,gripper_only,contact_manipulation,contact_manipulation
16001,104,wam,gripper_only,contact_manipulation,contact_manipulation
16001,105,wam,gripper_only,contact_manipulation,contact_manipulation
16001,106,wam,gripper_only,contact_manipulation,contact_manipulation
16001,107,wam,gripper_only,contact_manipulation,contact_manipulation
16001,108,wam,gripper_only,contact_manipulation,contact_manipulation
16001,109,wam,gripper_only,contact_manipulation,contact_manipulation
16001,110,wam,gripper_only,contact_manipulation,contact_manipulation
16001,111,wam,gripper_only,contact_manipulation,contact_manipulation
16001,112,wam,gripper_only,contact_manipulation,contact_manipulation
16001,113,wam,gripper_only,contact_manipulation,contact_manipulation
16001,114,wam,gripper_only,contact_manipulation,contact_manipulation
16001,115,wam,gripper_only,contact_manipulation,contact_manipulation
16001,116,wam,gripper_only,contact_manipulation,contact_manipulation
16001,117,wam,gripper_only,contact_manipulation,contact_manipulation
16001,118,wam,gripper_only,contact_manipulation,contact_manipulation
16001,122,wam,gripper_only,contact_manipulation,contact_manipulation
16001,123,wam,gripper_only,contact_manipulation,contact_manipulation
16001,124,wam,gripper_only,contact_manipulation,contact_manipulation
16001,125,wam,gripper_only,contact_manipulation,contact_manipulation
16001,126,wam,gripper_only,contact_manipulation,contact_manipulation
16001,127,wam,gripper_only,contact_manipulation,contact_manipulation
16001,128,wam,gripper_only,contact_manipulation,contact_manipulation
16001,129,wam,gripper_only,contact_manipulation,stable_transport
16001,130,wam,gripper_only,contact_manipulation,stable_transport
16001,131,wam,gripper_only,contact_manipulation,placement_release
16001,132,wam,gripper_only,contact_manipulation,contact_manipulation
16001,133,wam,gripper_only,contact_manipulation,terminal_approach
16001,134,wam,gripper_only,contact_manipulation,terminal_approach
16001,135,wam,gripper_only,contact_manipulation,terminal_approach
16001,136,wam,gripper_only,contact_manipulation,terminal_approach
16001,137,wam,gripper_only,contact_manipulation,contact_manipulation
16001,138,wam,gripper_only,contact_manipulation,contact_manipulation
16001,139,wam,gripper_only,contact_manipulation,contact_manipulation
16001,140,wam,gripper_only,contact_manipulation,contact_manipulation
16001,141,wam,gripper_only,contact_manipulation,contact_manipulation
16001,142,wam,gripper_only,contact_manipulation,contact_manipulation
16001,146,wam,gripper_only,contact_manipulation,contact_manipulation
16001,147,wam,gripper_only,contact_manipulation,contact_manipulation
16001,163,wam,gripper_only,placement_release,contact_manipulation
16001,164,wam,gripper_only,placement_release,contact_manipulation
16001,165,wam,gripper_only,placement_release,contact_manipulation
16001,166,wam,gripper_only,placement_release,contact_manipulation
16001,170,wam,gripper_only,placement_release,contact_manipulation
16001,171,wam,gripper_only,placement_release,contact_manipulation
16001,172,wam,gripper_only,placement_release,contact_manipulation
16001,173,wam,gripper_only,placement_release,contact_manipulation
16001,174,wam,gripper_only,placement_release,contact_manipulation
16001,175,wam,gripper_only,placement_release,contact_manipulation
16001,176,wam,gripper_only,placement_release,contact_manipulation
16001,177,wam,gripper_only,placement_release,contact_manipulation
16001,178,wam,gripper_only,placement_release,contact_manipulation
16001,179,wam,gripper_only,placement_release,contact_manipulation
16001,189,wam,gripper_only,placement_release,free_pre
16001,190,wam,gripper_only,placement_release,free_pre
50458,26,wam,gripper_only,free_pre,free_pre
50458,27,wam,gripper_only,free_pre,free_pre
50458,28,wam,gripper_only,free_pre,free_pre
50458,29,wam,gripper_only,free_pre,free_pre
50458,30,wam,gripper_only,free_pre,free_pre
50458,31,wam,gripper_only,free_pre,free_pre
50458,32,wam,gripper_only,free_pre,free_pre
50458,33,wam,gripper_only,free_pre,free_pre
50458,34,wam,gripper_only,free_pre,free_pre
50458,35,wam,gripper_only,free_pre,free_pre
50458,53,wam,gripper_only,terminal_approach,terminal_approach
50458,54,wam,gripper_only,terminal_approach,terminal_approach
50458,55,wam,gripper_only,terminal_approach,terminal_approach
50458,56,wam,gripper_only,terminal_approach,terminal_approach
50458,57,wam,gripper_only,terminal_approach,terminal_approach
50458,58,wam,gripper_only,terminal_approach,terminal_approach
50458,59,wam,gripper_only,terminal_approach,terminal_approach
50458,60,wam,gripper_only,terminal_approach,terminal_approach
50458,61,wam,gripper_only,terminal_approach,terminal_approach
50458,62,wam,gripper_only,terminal_approach,terminal_approach
50458,63,wam,gripper_only,terminal_approach,placement_release
50458,75,wam,gripper_only,contact_manipulation,placement_release
50458,76,wam,gripper_only,contact_manipulation,placement_release
50458,77,wam,gripper_only,contact_manipulation,placement_release
50458,78,wam,gripper_only,contact_manipulation,contact_manipulation
50458,79,wam,gripper_only,contact_manipulation,contact_manipulation
50458,80,wam,gripper_only,contact_manipulation,placement_release
50458,81,wam,gripper_only,contact_manipulation,placement_release
50458,82,wam,gripper_only,contact_manipulation,placement_release
50458,83,wam,gripper_only,contact_manipulation,placement_release
50458,84,wam,gripper_only,contact_manipulation,placement_release
50458,85,wam,gripper_only,contact_manipulation,contact_manipulation
50458,86,wam,gripper_only,contact_manipulation,contact_manipulation
50458,87,wam,gripper_only,contact_manipulation,contact_manipulation
50458,88,wam,gripper_only,contact_manipulation,contact_manipulation
50458,89,wam,gripper_only,contact_manipulation,contact_manipulation
50458,90,wam,gripper_only,contact_manipulation,contact_manipulation
50458,91,wam,gripper_only,contact_manipulation,contact_manipulation
50458,92,wam,gripper_only,contact_manipulation,contact_manipulation
50458,93,wam,gripper_only,contact_manipulation,contact_manipulation
50458,94,wam,gripper_only,contact_manipulation,placement_release
50458,98,wam,gripper_only,contact_manipulation,contact_manipulation
50458,99,wam,gripper_only,contact_manipulation,contact_manipulation
50458,100,wam,gripper_only,contact_manipulation,stable_transport
50458,101,wam,gripper_only,contact_manipulation,stable_transport
50458,102,wam,gripper_only,contact_manipulation,stable_transport
50458,103,wam,gripper_only,contact_manipulation,stable_transport
50458,104,wam,gripper_only,contact_manipulation,stable_transport
50458,105,wam,gripper_only,contact_manipulation,stable_transport
50458,115,wam,gripper_only,contact_manipulation,stable_transport
50458,116,wam,gripper_only,contact_manipulation,stable_transport
50458,117,wam,gripper_only,contact_manipulation,stable_transport
50458,118,wam,gripper_only,contact_manipulation,stable_transport
50458,129,wam,gripper_only,stable_transport,stable_transport
50458,130,wam,gripper_only,stable_transport,stable_transport
50458,131,wam,gripper_only,stable_transport,stable_transport
50458,132,wam,gripper_only,stable_transport,stable_transport
50458,133,wam,gripper_only,stable_transport,stable_transport
50458,134,wam,gripper_only,stable_transport,stable_transport
50458,135,wam,gripper_only,stable_transport,stable_transport
50458,136,wam,gripper_only,stable_transport,stable_transport
50458,137,wam,gripper_only,stable_transport,stable_transport
50458,138,wam,gripper_only,stable_transport,stable_transport
50458,139,wam,gripper_only,stable_transport,stable_transport
50458,140,wam,gripper_only,stable_transport,stable_transport
50458,141,wam,gripper_only,stable_transport,stable_transport
50458,142,wam,gripper_only,stable_transport,stable_transport
50458,146,wam,gripper_only,stable_transport,stable_transport
50458,147,wam,gripper_only,stable_transport,stable_transport
50458,148,wam,gripper_only,stable_transport,stable_transport
50458,149,wam,gripper_only,stable_transport,stable_transport
50458,150,wam,gripper_only,stable_transport,stable_transport
50458,151,wam,gripper_only,stable_transport,stable_transport
50458,152,wam,gripper_only,stable_transport,stable_transport
50458,153,wam,gripper_only,stable_transport,stable_transport
50458,154,wam,gripper_only,stable_transport,stable_transport
50458,155,wam,gripper_only,stable_transport,stable_transport
50458,156,wam,gripper_only,stable_transport,stable_transport
50458,157,wam,gripper_only,stable_transport,stable_transport
50458,158,wam,gripper_only,stable_transport,stable_transport
50458,159,wam,gripper_only,stable_transport,stable_transport
50458,160,wam,gripper_only,stable_transport,stable_transport
50458,161,wam,gripper_only,stable_transport,stable_transport
50458,162,wam,gripper_only,stable_transport,stable_transport
50458,163,wam,gripper_only,stable_transport,stable_transport
50458,164,wam,gripper_only,stable_transport,stable_transport
50458,165,wam,gripper_only,stable_transport,stable_transport
50458,166,wam,gripper_only,stable_transport,stable_transport
50458,170,wam,gripper_only,stable_transport,stable_transport
50458,171,wam,gripper_only,stable_transport,stable_transport
50458,181,wam,gripper_only,placement_release,stable_transport
1925,26,wam,joint_gripper,free_pre,terminal_approach
1925,27,wam,joint_gripper,free_pre,terminal_approach
1925,28,wam,joint_gripper,free_pre,terminal_approach
1925,29,wam,joint_gripper,free_pre,terminal_approach
1925,30,wam,joint_gripper,free_pre,terminal_approach
1925,31,wam,joint_gripper,free_pre,terminal_approach
1925,32,wam,joint_gripper,free_pre,terminal_approach
1925,33,wam,joint_gripper,free_pre,terminal_approach
1925,34,wam,joint_gripper,free_pre,terminal_approach
1925,35,wam,joint_gripper,free_pre,terminal_approach
1925,36,wam,joint_gripper,free_pre,contact_manipulation
1925,37,wam,joint_gripper,free_pre,contact_manipulation
1925,38,wam,joint_gripper,free_pre,terminal_approach
1925,39,wam,joint_gripper,free_pre,terminal_approach
1925,57,wam,joint_gripper,terminal_approach,terminal_approach
1925,58,wam,joint_gripper,terminal_approach,terminal_approach
1925,59,wam,joint_gripper,terminal_approach,terminal_approach
1925,60,wam,joint_gripper,terminal_approach,terminal_approach
1925,61,wam,joint_gripper,terminal_approach,contact_manipulation
1925,62,wam,joint_gripper,terminal_approach,terminal_approach
1925,63,wam,joint_gripper,terminal_approach,contact_manipulation
1925,64,wam,joint_gripper,terminal_approach,contact_manipulation
1925,65,wam,joint_gripper,terminal_approach,terminal_approach
1925,66,wam,joint_gripper,terminal_approach,terminal_approach
1925,67,wam,joint_gripper,terminal_approach,contact_manipulation
1925,68,wam,joint_gripper,terminal_approach,contact_manipulation
1925,69,wam,joint_gripper,terminal_approach,contact_manipulation
1925,70,wam,joint_gripper,terminal_approach,contact_manipulation
1925,74,wam,joint_gripper,terminal_approach,terminal_approach
1925,75,wam,joint_gripper,terminal_approach,terminal_approach
1925,76,wam,joint_gripper,terminal_approach,contact_manipulation
1925,77,wam,joint_gripper,terminal_approach,contact_manipulation
1925,98,wam,joint_gripper,contact_manipulation,terminal_approach
1925,99,wam,joint_gripper,contact_manipulation,terminal_approach
1925,100,wam,joint_gripper,contact_manipulation,terminal_approach
1925,101,wam,joint_gripper,contact_manipulation,terminal_approach
1925,102,wam,joint_gripper,contact_manipulation,placement_release
1925,103,wam,joint_gripper,contact_manipulation,terminal_approach
1925,104,wam,joint_gripper,contact_manipulation,contact_manipulation
1925,105,wam,joint_gripper,contact_manipulation,contact_manipulation
1925,106,wam,joint_gripper,contact_manipulation,contact_manipulation
1925,107,wam,joint_gripper,contact_manipulation,contact_manipulation
1925,117,wam,joint_gripper,contact_manipulation,placement_release
1925,118,wam,joint_gripper,contact_manipulation,placement_release
1925,122,wam,joint_gripper,contact_manipulation,contact_manipulation
1925,123,wam,joint_gripper,contact_manipulation,contact_manipulation
1925,124,wam,joint_gripper,contact_manipulation,contact_manipulation
1925,125,wam,joint_gripper,contact_manipulation,contact_manipulation
1925,137,wam,joint_gripper,stable_transport,stable_transport
1925,138,wam,joint_gripper,stable_transport,stable_transport
1925,139,wam,joint_gripper,stable_transport,stable_transport
1925,140,wam,joint_gripper,stable_transport,stable_transport
1925,141,wam,joint_gripper,stable_transport,stable_transport
1925,142,wam,joint_gripper,stable_transport,placement_release
1925,146,wam,joint_gripper,stable_transport,stable_transport
1925,147,wam,joint_gripper,stable_transport,stable_transport
1925,148,wam,joint_gripper,stable_transport,stable_transport
1925,149,wam,joint_gripper,stable_transport,stable_transport
1925,150,wam,joint_gripper,stable_transport,stable_transport
1925,151,wam,joint_gripper,stable_transport,stable_transport
1925,152,wam,joint_gripper,stable_transport,stable_transport
1925,153,wam,joint_gripper,stable_transport,stable_transport
1925,154,wam,joint_gripper,stable_transport,stable_transport
1925,155,wam,joint_gripper,stable_transport,stable_transport
1925,156,wam,joint_gripper,stable_transport,stable_transport
1925,157,wam,joint_gripper,stable_transport,contact_manipulation
1925,158,wam,joint_gripper,stable_transport,contact_manipulation
1925,159,wam,joint_gripper,stable_transport,contact_manipulation
1925,160,wam,joint_gripper,stable_transport,contact_manipulation
1925,161,wam,joint_gripper,stable_transport,contact_manipulation
1925,162,wam,joint_gripper,stable_transport,contact_manipulation
1925,163,wam,joint_gripper,stable_transport,placement_release
1925,164,wam,joint_gripper,stable_transport,contact_manipulation
1925,165,wam,joint_gripper,stable_transport,contact_manipulation
1925,166,wam,joint_gripper,stable_transport,contact_manipulation
1925,170,wam,joint_gripper,stable_transport,stable_transport
1925,171,wam,joint_gripper,stable_transport,stable_transport
1925,172,wam,joint_gripper,stable_transport,stable_transport
1925,173,wam,joint_gripper,stable_transport,stable_transport
1925,174,wam,joint_gripper,stable_transport,contact_manipulation
1925,175,wam,joint_gripper,stable_transport,contact_manipulation
1925,176,wam,joint_gripper,stable_transport,contact_manipulation
1925,177,wam,joint_gripper,stable_transport,contact_manipulation
16001,26,wam,joint_gripper,free_pre,free_pre
16001,27,wam,joint_gripper,free_pre,free_pre
16001,28,wam,joint_gripper,free_pre,free_pre
16001,29,wam,joint_gripper,free_pre,free_pre
16001,30,wam,joint_gripper,free_pre,free_pre
16001,31,wam,joint_gripper,free_pre,free_pre
16001,50,wam,joint_gripper,terminal_approach,free_pre
16001,51,wam,joint_gripper,terminal_approach,free_pre
16001,52,wam,joint_gripper,terminal_approach,free_pre
16001,53,wam,joint_gripper,terminal_approach,free_pre
16001,54,wam,joint_gripper,terminal_approach,free_pre
16001,55,wam,joint_gripper,terminal_approach,free_pre
16001,56,wam,joint_gripper,terminal_approach,free_pre
16001,57,wam,joint_gripper,terminal_approach,free_pre
16001,58,wam,joint_gripper,terminal_approach,terminal_approach
16001,59,wam,joint_gripper,terminal_approach,terminal_approach
16001,60,wam,joint_gripper,terminal_approach,terminal_approach
16001,61,wam,joint_gripper,terminal_approach,free_pre
16001,87,wam,joint_gripper,contact_manipulation,contact_manipulation
16001,88,wam,joint_gripper,contact_manipulation,contact_manipulation
16001,89,wam,joint_gripper,contact_manipulation,contact_manipulation
16001,90,wam,joint_gripper,contact_manipulation,contact_manipulation
16001,91,wam,joint_gripper,contact_manipulation,contact_manipulation
16001,92,wam,joint_gripper,contact_manipulation,contact_manipulation
16001,93,wam,joint_gripper,contact_manipulation,contact_manipulation
16001,94,wam,joint_gripper,contact_manipulation,contact_manipulation
16001,98,wam,joint_gripper,contact_manipulation,contact_manipulation
16001,99,wam,joint_gripper,contact_manipulation,contact_manipulation
16001,100,wam,joint_gripper,contact_manipulation,contact_manipulation
16001,101,wam,joint_gripper,contact_manipulation,stable_transport
16001,102,wam,joint_gripper,contact_manipulation,stable_transport
16001,103,wam,joint_gripper,contact_manipulation,stable_transport
16001,104,wam,joint_gripper,contact_manipulation,contact_manipulation
16001,105,wam,joint_gripper,contact_manipulation,stable_transport
16001,106,wam,joint_gripper,contact_manipulation,contact_manipulation
16001,107,wam,joint_gripper,contact_manipulation,stable_transport
16001,108,wam,joint_gripper,contact_manipulation,stable_transport
16001,109,wam,joint_gripper,contact_manipulation,stable_transport
16001,110,wam,joint_gripper,contact_manipulation,stable_transport
16001,111,wam,joint_gripper,contact_manipulation,stable_transport
16001,112,wam,joint_gripper,contact_manipulation,stable_transport
16001,113,wam,joint_gripper,contact_manipulation,stable_transport
16001,114,wam,joint_gripper,contact_manipulation,stable_transport
16001,115,wam,joint_gripper,contact_manipulation,contact_manipulation
16001,116,wam,joint_gripper,contact_manipulation,contact_manipulation
16001,117,wam,joint_gripper,contact_manipulation,contact_manipulation
16001,118,wam,joint_gripper,contact_manipulation,contact_manipulation
16001,122,wam,joint_gripper,contact_manipulation,stable_transport
16001,123,wam,joint_gripper,contact_manipulation,stable_transport
16001,124,wam,joint_gripper,contact_manipulation,stable_transport
16001,125,wam,joint_gripper,contact_manipulation,stable_transport
16001,126,wam,joint_gripper,contact_manipulation,stable_transport
16001,127,wam,joint_gripper,contact_manipulation,contact_manipulation
16001,128,wam,joint_gripper,contact_manipulation,stable_transport
16001,129,wam,joint_gripper,contact_manipulation,stable_transport
16001,130,wam,joint_gripper,contact_manipulation,stable_transport
16001,131,wam,joint_gripper,contact_manipulation,placement_release
16001,132,wam,joint_gripper,contact_manipulation,terminal_approach
16001,133,wam,joint_gripper,contact_manipulation,terminal_approach
16001,134,wam,joint_gripper,contact_manipulation,terminal_approach
16001,135,wam,joint_gripper,contact_manipulation,terminal_approach
16001,136,wam,joint_gripper,contact_manipulation,terminal_approach
16001,137,wam,joint_gripper,contact_manipulation,contact_manipulation
16001,138,wam,joint_gripper,contact_manipulation,contact_manipulation
16001,139,wam,joint_gripper,contact_manipulation,stable_transport
16001,140,wam,joint_gripper,contact_manipulation,stable_transport
16001,141,wam,joint_gripper,contact_manipulation,stable_transport
16001,142,wam,joint_gripper,contact_manipulation,stable_transport
16001,146,wam,joint_gripper,contact_manipulation,contact_manipulation
16001,147,wam,joint_gripper,contact_manipulation,contact_manipulation
16001,163,wam,joint_gripper,placement_release,stable_transport
16001,164,wam,joint_gripper,placement_release,stable_transport
16001,165,wam,joint_gripper,placement_release,stable_transport
16001,166,wam,joint_gripper,placement_release,stable_transport
16001,170,wam,joint_gripper,placement_release,contact_manipulation
16001,171,wam,joint_gripper,placement_release,contact_manipulation
16001,172,wam,joint_gripper,placement_release,contact_manipulation
16001,173,wam,joint_gripper,placement_release,contact_manipulation
16001,174,wam,joint_gripper,placement_release,contact_manipulation
16001,175,wam,joint_gripper,placement_release,contact_manipulation
16001,176,wam,joint_gripper,placement_release,contact_manipulation
16001,177,wam,joint_gripper,placement_release,contact_manipulation
16001,178,wam,joint_gripper,placement_release,contact_manipulation
16001,179,wam,joint_gripper,placement_release,contact_manipulation
16001,189,wam,joint_gripper,placement_release,terminal_approach
16001,190,wam,joint_gripper,placement_release,terminal_approach
50458,26,wam,joint_gripper,free_pre,terminal_approach
50458,27,wam,joint_gripper,free_pre,terminal_approach
50458,28,wam,joint_gripper,free_pre,terminal_approach
50458,29,wam,joint_gripper,free_pre,terminal_approach
50458,30,wam,joint_gripper,free_pre,free_pre
50458,31,wam,joint_gripper,free_pre,terminal_approach
50458,32,wam,joint_gripper,free_pre,terminal_approach
50458,33,wam,joint_gripper,free_pre,terminal_approach
50458,34,wam,joint_gripper,free_pre,terminal_approach
50458,35,wam,joint_gripper,free_pre,terminal_approach
50458,53,wam,joint_gripper,terminal_approach,placement_release
50458,54,wam,joint_gripper,terminal_approach,free_pre
50458,55,wam,joint_gripper,terminal_approach,terminal_approach
50458,56,wam,joint_gripper,terminal_approach,terminal_approach
50458,57,wam,joint_gripper,terminal_approach,terminal_approach
50458,58,wam,joint_gripper,terminal_approach,terminal_approach
50458,59,wam,joint_gripper,terminal_approach,terminal_approach
50458,60,wam,joint_gripper,terminal_approach,terminal_approach
50458,61,wam,joint_gripper,terminal_approach,terminal_approach
50458,62,wam,joint_gripper,terminal_approach,terminal_approach
50458,63,wam,joint_gripper,terminal_approach,terminal_approach
50458,75,wam,joint_gripper,contact_manipulation,terminal_approach
50458,76,wam,joint_gripper,contact_manipulation,terminal_approach
50458,77,wam,joint_gripper,contact_manipulation,terminal_approach
50458,78,wam,joint_gripper,contact_manipulation,terminal_approach
50458,79,wam,joint_gripper,contact_manipulation,terminal_approach
50458,80,wam,joint_gripper,contact_manipulation,terminal_approach
50458,81,wam,joint_gripper,contact_manipulation,terminal_approach
50458,82,wam,joint_gripper,contact_manipulation,terminal_approach
50458,83,wam,joint_gripper,contact_manipulation,terminal_approach
50458,84,wam,joint_gripper,contact_manipulation,terminal_approach
50458,85,wam,joint_gripper,contact_manipulation,terminal_approach
50458,86,wam,joint_gripper,contact_manipulation,terminal_approach
50458,87,wam,joint_gripper,contact_manipulation,terminal_approach
50458,88,wam,joint_gripper,contact_manipulation,terminal_approach
50458,89,wam,joint_gripper,contact_manipulation,terminal_approach
50458,90,wam,joint_gripper,contact_manipulation,terminal_approach
50458,91,wam,joint_gripper,contact_manipulation,terminal_approach
50458,92,wam,joint_gripper,contact_manipulation,terminal_approach
50458,93,wam,joint_gripper,contact_manipulation,terminal_approach
50458,94,wam,joint_gripper,contact_manipulation,terminal_approach
50458,98,wam,joint_gripper,contact_manipulation,contact_manipulation
50458,99,wam,joint_gripper,contact_manipulation,contact_manipulation
50458,100,wam,joint_gripper,contact_manipulation,contact_manipulation
50458,101,wam,joint_gripper,contact_manipulation,contact_manipulation
50458,102,wam,joint_gripper,contact_manipulation,contact_manipulation
50458,103,wam,joint_gripper,contact_manipulation,contact_manipulation
50458,104,wam,joint_gripper,contact_manipulation,contact_manipulation
50458,105,wam,joint_gripper,contact_manipulation,contact_manipulation
50458,115,wam,joint_gripper,contact_manipulation,contact_manipulation
50458,116,wam,joint_gripper,contact_manipulation,contact_manipulation
50458,117,wam,joint_gripper,contact_manipulation,contact_manipulation
50458,118,wam,joint_gripper,contact_manipulation,contact_manipulation
50458,129,wam,joint_gripper,stable_transport,terminal_approach
50458,130,wam,joint_gripper,stable_transport,terminal_approach
50458,131,wam,joint_gripper,stable_transport,terminal_approach
50458,132,wam,joint_gripper,stable_transport,terminal_approach
50458,133,wam,joint_gripper,stable_transport,terminal_approach
50458,134,wam,joint_gripper,stable_transport,terminal_approach
50458,135,wam,joint_gripper,stable_transport,terminal_approach
50458,136,wam,joint_gripper,stable_transport,terminal_approach
50458,137,wam,joint_gripper,stable_transport,terminal_approach
50458,138,wam,joint_gripper,stable_transport,terminal_approach
50458,139,wam,joint_gripper,stable_transport,stable_transport
50458,140,wam,joint_gripper,stable_transport,stable_transport
50458,141,wam,joint_gripper,stable_transport,stable_transport
50458,142,wam,joint_gripper,stable_transport,stable_transport
50458,146,wam,joint_gripper,stable_transport,stable_transport
50458,147,wam,joint_gripper,stable_transport,stable_transport
50458,148,wam,joint_gripper,stable_transport,placement_release
50458,149,wam,joint_gripper,stable_transport,placement_release
50458,150,wam,joint_gripper,stable_transport,placement_release
50458,151,wam,joint_gripper,stable_transport,placement_release
50458,152,wam,joint_gripper,stable_transport,placement_release
50458,153,wam,joint_gripper,stable_transport,placement_release
50458,154,wam,joint_gripper,stable_transport,placement_release
50458,155,wam,joint_gripper,stable_transport,placement_release
50458,156,wam,joint_gripper,stable_transport,placement_release
50458,157,wam,joint_gripper,stable_transport,placement_release
50458,158,wam,joint_gripper,stable_transport,placement_release
50458,159,wam,joint_gripper,stable_transport,placement_release
50458,160,wam,joint_gripper,stable_transport,placement_release
50458,161,wam,joint_gripper,stable_transport,placement_release
50458,162,wam,joint_gripper,stable_transport,placement_release
50458,163,wam,joint_gripper,stable_transport,placement_release
50458,164,wam,joint_gripper,stable_transport,placement_release
50458,165,wam,joint_gripper,stable_transport,placement_release
50458,166,wam,joint_gripper,stable_transport,placement_release
50458,170,wam,joint_gripper,stable_transport,terminal_approach
50458,171,wam,joint_gripper,stable_transport,terminal_approach
50458,181,wam,joint_gripper,placement_release,placement_release
1925,26,wam,joint_window9,free_pre,terminal_approach
1925,27,wam,joint_window9,free_pre,terminal_approach
1925,28,wam,joint_window9,free_pre,terminal_approach
1925,29,wam,joint_window9,free_pre,terminal_approach
1925,30,wam,joint_window9,free_pre,terminal_approach
1925,31,wam,joint_window9,free_pre,terminal_approach
1925,32,wam,joint_window9,free_pre,terminal_approach
1925,33,wam,joint_window9,free_pre,terminal_approach
1925,34,wam,joint_window9,free_pre,terminal_approach
1925,35,wam,joint_window9,free_pre,terminal_approach
1925,36,wam,joint_window9,free_pre,terminal_approach
1925,37,wam,joint_window9,free_pre,terminal_approach
1925,38,wam,joint_window9,free_pre,terminal_approach
1925,39,wam,joint_window9,free_pre,terminal_approach
1925,57,wam,joint_window9,terminal_approach,contact_manipulation
1925,58,wam,joint_window9,terminal_approach,contact_manipulation
1925,59,wam,joint_window9,terminal_approach,contact_manipulation
1925,60,wam,joint_window9,terminal_approach,placement_release
1925,61,wam,joint_window9,terminal_approach,placement_release
1925,62,wam,joint_window9,terminal_approach,contact_manipulation
1925,63,wam,joint_window9,terminal_approach,contact_manipulation
1925,64,wam,joint_window9,terminal_approach,placement_release
1925,65,wam,joint_window9,terminal_approach,placement_release
1925,66,wam,joint_window9,terminal_approach,placement_release
1925,67,wam,joint_window9,terminal_approach,placement_release
1925,68,wam,joint_window9,terminal_approach,placement_release
1925,69,wam,joint_window9,terminal_approach,placement_release
1925,70,wam,joint_window9,terminal_approach,placement_release
1925,74,wam,joint_window9,terminal_approach,contact_manipulation
1925,75,wam,joint_window9,terminal_approach,contact_manipulation
1925,76,wam,joint_window9,terminal_approach,contact_manipulation
1925,77,wam,joint_window9,terminal_approach,contact_manipulation
1925,98,wam,joint_window9,contact_manipulation,placement_release
1925,99,wam,joint_window9,contact_manipulation,placement_release
1925,100,wam,joint_window9,contact_manipulation,placement_release
1925,101,wam,joint_window9,contact_manipulation,placement_release
1925,102,wam,joint_window9,contact_manipulation,placement_release
1925,103,wam,joint_window9,contact_manipulation,contact_manipulation
1925,104,wam,joint_window9,contact_manipulation,placement_release
1925,105,wam,joint_window9,contact_manipulation,contact_manipulation
1925,106,wam,joint_window9,contact_manipulation,contact_manipulation
1925,107,wam,joint_window9,contact_manipulation,contact_manipulation
1925,117,wam,joint_window9,contact_manipulation,contact_manipulation
1925,118,wam,joint_window9,contact_manipulation,placement_release
1925,122,wam,joint_window9,contact_manipulation,contact_manipulation
1925,123,wam,joint_window9,contact_manipulation,contact_manipulation
1925,124,wam,joint_window9,contact_manipulation,contact_manipulation
1925,125,wam,joint_window9,contact_manipulation,contact_manipulation
1925,137,wam,joint_window9,stable_transport,placement_release
1925,138,wam,joint_window9,stable_transport,placement_release
1925,139,wam,joint_window9,stable_transport,placement_release
1925,140,wam,joint_window9,stable_transport,placement_release
1925,141,wam,joint_window9,stable_transport,placement_release
1925,142,wam,joint_window9,stable_transport,placement_release
1925,146,wam,joint_window9,stable_transport,stable_transport
1925,147,wam,joint_window9,stable_transport,stable_transport
1925,148,wam,joint_window9,stable_transport,stable_transport
1925,149,wam,joint_window9,stable_transport,contact_manipulation
1925,150,wam,joint_window9,stable_transport,contact_manipulation
1925,151,wam,joint_window9,stable_transport,contact_manipulation
1925,152,wam,joint_window9,stable_transport,contact_manipulation
1925,153,wam,joint_window9,stable_transport,contact_manipulation
1925,154,wam,joint_window9,stable_transport,placement_release
1925,155,wam,joint_window9,stable_transport,placement_release
1925,156,wam,joint_window9,stable_transport,placement_release
1925,157,wam,joint_window9,stable_transport,contact_manipulation
1925,158,wam,joint_window9,stable_transport,contact_manipulation
1925,159,wam,joint_window9,stable_transport,contact_manipulation
1925,160,wam,joint_window9,stable_transport,contact_manipulation
1925,161,wam,joint_window9,stable_transport,contact_manipulation
1925,162,wam,joint_window9,stable_transport,contact_manipulation
1925,163,wam,joint_window9,stable_transport,contact_manipulation
1925,164,wam,joint_window9,stable_transport,contact_manipulation
1925,165,wam,joint_window9,stable_transport,contact_manipulation
1925,166,wam,joint_window9,stable_transport,contact_manipulation
1925,170,wam,joint_window9,stable_transport,contact_manipulation
1925,171,wam,joint_window9,stable_transport,contact_manipulation
1925,172,wam,joint_window9,stable_transport,contact_manipulation
1925,173,wam,joint_window9,stable_transport,contact_manipulation
1925,174,wam,joint_window9,stable_transport,contact_manipulation
1925,175,wam,joint_window9,stable_transport,contact_manipulation
1925,176,wam,joint_window9,stable_transport,contact_manipulation
1925,177,wam,joint_window9,stable_transport,contact_manipulation
16001,26,wam,joint_window9,free_pre,free_pre
16001,27,wam,joint_window9,free_pre,free_pre
16001,28,wam,joint_window9,free_pre,free_pre
16001,29,wam,joint_window9,free_pre,free_pre
16001,30,wam,joint_window9,free_pre,free_pre
16001,31,wam,joint_window9,free_pre,free_pre
16001,50,wam,joint_window9,terminal_approach,free_pre
16001,51,wam,joint_window9,terminal_approach,free_pre
16001,52,wam,joint_window9,terminal_approach,free_pre
16001,53,wam,joint_window9,terminal_approach,free_pre
16001,54,wam,joint_window9,terminal_approach,free_pre
16001,55,wam,joint_window9,terminal_approach,free_pre
16001,56,wam,joint_window9,terminal_approach,free_pre
16001,57,wam,joint_window9,terminal_approach,free_pre
16001,58,wam,joint_window9,terminal_approach,free_pre
16001,59,wam,joint_window9,terminal_approach,free_pre
16001,60,wam,joint_window9,terminal_approach,free_pre
16001,61,wam,joint_window9,terminal_approach,free_pre
16001,87,wam,joint_window9,contact_manipulation,contact_manipulation
16001,88,wam,joint_window9,contact_manipulation,contact_manipulation
16001,89,wam,joint_window9,contact_manipulation,contact_manipulation
16001,90,wam,joint_window9,contact_manipulation,contact_manipulation
16001,91,wam,joint_window9,contact_manipulation,contact_manipulation
16001,92,wam,joint_window9,contact_manipulation,contact_manipulation
16001,93,wam,joint_window9,contact_manipulation,contact_manipulation
16001,94,wam,joint_window9,contact_manipulation,contact_manipulation
16001,98,wam,joint_window9,contact_manipulation,contact_manipulation
16001,99,wam,joint_window9,contact_manipulation,contact_manipulation
16001,100,wam,joint_window9,contact_manipulation,contact_manipulation
16001,101,wam,joint_window9,contact_manipulation,contact_manipulation
16001,102,wam,joint_window9,contact_manipulation,contact_manipulation
16001,103,wam,joint_window9,contact_manipulation,contact_manipulation
16001,104,wam,joint_window9,contact_manipulation,stable_transport
16001,105,wam,joint_window9,contact_manipulation,stable_transport
16001,106,wam,joint_window9,contact_manipulation,stable_transport
16001,107,wam,joint_window9,contact_manipulation,stable_transport
16001,108,wam,joint_window9,contact_manipulation,stable_transport
16001,109,wam,joint_window9,contact_manipulation,stable_transport
16001,110,wam,joint_window9,contact_manipulation,stable_transport
16001,111,wam,joint_window9,contact_manipulation,stable_transport
16001,112,wam,joint_window9,contact_manipulation,stable_transport
16001,113,wam,joint_window9,contact_manipulation,stable_transport
16001,114,wam,joint_window9,contact_manipulation,stable_transport
16001,115,wam,joint_window9,contact_manipulation,stable_transport
16001,116,wam,joint_window9,contact_manipulation,stable_transport
16001,117,wam,joint_window9,contact_manipulation,stable_transport
16001,118,wam,joint_window9,contact_manipulation,contact_manipulation
16001,122,wam,joint_window9,contact_manipulation,stable_transport
16001,123,wam,joint_window9,contact_manipulation,stable_transport
16001,124,wam,joint_window9,contact_manipulation,stable_transport
16001,125,wam,joint_window9,contact_manipulation,stable_transport
16001,126,wam,joint_window9,contact_manipulation,stable_transport
16001,127,wam,joint_window9,contact_manipulation,stable_transport
16001,128,wam,joint_window9,contact_manipulation,stable_transport
16001,129,wam,joint_window9,contact_manipulation,stable_transport
16001,130,wam,joint_window9,contact_manipulation,terminal_approach
16001,131,wam,joint_window9,contact_manipulation,terminal_approach
16001,132,wam,joint_window9,contact_manipulation,terminal_approach
16001,133,wam,joint_window9,contact_manipulation,placement_release
16001,134,wam,joint_window9,contact_manipulation,placement_release
16001,135,wam,joint_window9,contact_manipulation,stable_transport
16001,136,wam,joint_window9,contact_manipulation,stable_transport
16001,137,wam,joint_window9,contact_manipulation,stable_transport
16001,138,wam,joint_window9,contact_manipulation,stable_transport
16001,139,wam,joint_window9,contact_manipulation,stable_transport
16001,140,wam,joint_window9,contact_manipulation,stable_transport
16001,141,wam,joint_window9,contact_manipulation,stable_transport
16001,142,wam,joint_window9,contact_manipulation,stable_transport
16001,146,wam,joint_window9,contact_manipulation,stable_transport
16001,147,wam,joint_window9,contact_manipulation,stable_transport
16001,163,wam,joint_window9,placement_release,terminal_approach
16001,164,wam,joint_window9,placement_release,terminal_approach
16001,165,wam,joint_window9,placement_release,terminal_approach
16001,166,wam,joint_window9,placement_release,terminal_approach
16001,170,wam,joint_window9,placement_release,stable_transport
16001,171,wam,joint_window9,placement_release,stable_transport
16001,172,wam,joint_window9,placement_release,stable_transport
16001,173,wam,joint_window9,placement_release,contact_manipulation
16001,174,wam,joint_window9,placement_release,contact_manipulation
16001,175,wam,joint_window9,placement_release,contact_manipulation
16001,176,wam,joint_window9,placement_release,contact_manipulation
16001,177,wam,joint_window9,placement_release,contact_manipulation
16001,178,wam,joint_window9,placement_release,contact_manipulation
16001,179,wam,joint_window9,placement_release,contact_manipulation
16001,189,wam,joint_window9,placement_release,terminal_approach
16001,190,wam,joint_window9,placement_release,terminal_approach
50458,26,wam,joint_window9,free_pre,terminal_approach
50458,27,wam,joint_window9,free_pre,terminal_approach
50458,28,wam,joint_window9,free_pre,terminal_approach
50458,29,wam,joint_window9,free_pre,terminal_approach
50458,30,wam,joint_window9,free_pre,terminal_approach
50458,31,wam,joint_window9,free_pre,terminal_approach
50458,32,wam,joint_window9,free_pre,terminal_approach
50458,33,wam,joint_window9,free_pre,terminal_approach
50458,34,wam,joint_window9,free_pre,terminal_approach
50458,35,wam,joint_window9,free_pre,terminal_approach
50458,53,wam,joint_window9,terminal_approach,placement_release
50458,54,wam,joint_window9,terminal_approach,placement_release
50458,55,wam,joint_window9,terminal_approach,placement_release
50458,56,wam,joint_window9,terminal_approach,placement_release
50458,57,wam,joint_window9,terminal_approach,placement_release
50458,58,wam,joint_window9,terminal_approach,terminal_approach
50458,59,wam,joint_window9,terminal_approach,terminal_approach
50458,60,wam,joint_window9,terminal_approach,terminal_approach
50458,61,wam,joint_window9,terminal_approach,placement_release
50458,62,wam,joint_window9,terminal_approach,terminal_approach
50458,63,wam,joint_window9,terminal_approach,terminal_approach
50458,75,wam,joint_window9,contact_manipulation,terminal_approach
50458,76,wam,joint_window9,contact_manipulation,terminal_approach
50458,77,wam,joint_window9,contact_manipulation,terminal_approach
50458,78,wam,joint_window9,contact_manipulation,terminal_approach
50458,79,wam,joint_window9,contact_manipulation,terminal_approach
50458,80,wam,joint_window9,contact_manipulation,terminal_approach
50458,81,wam,joint_window9,contact_manipulation,terminal_approach
50458,82,wam,joint_window9,contact_manipulation,terminal_approach
50458,83,wam,joint_window9,contact_manipulation,terminal_approach
50458,84,wam,joint_window9,contact_manipulation,terminal_approach
50458,85,wam,joint_window9,contact_manipulation,terminal_approach
50458,86,wam,joint_window9,contact_manipulation,terminal_approach
50458,87,wam,joint_window9,contact_manipulation,terminal_approach
50458,88,wam,joint_window9,contact_manipulation,terminal_approach
50458,89,wam,joint_window9,contact_manipulation,terminal_approach
50458,90,wam,joint_window9,contact_manipulation,terminal_approach
50458,91,wam,joint_window9,contact_manipulation,terminal_approach
50458,92,wam,joint_window9,contact_manipulation,terminal_approach
50458,93,wam,joint_window9,contact_manipulation,terminal_approach
50458,94,wam,joint_window9,contact_manipulation,terminal_approach
50458,98,wam,joint_window9,contact_manipulation,terminal_approach
50458,99,wam,joint_window9,contact_manipulation,terminal_approach
50458,100,wam,joint_window9,contact_manipulation,terminal_approach
50458,101,wam,joint_window9,contact_manipulation,contact_manipulation
50458,102,wam,joint_window9,contact_manipulation,contact_manipulation
50458,103,wam,joint_window9,contact_manipulation,contact_manipulation
50458,104,wam,joint_window9,contact_manipulation,contact_manipulation
50458,105,wam,joint_window9,contact_manipulation,contact_manipulation
50458,115,wam,joint_window9,contact_manipulation,contact_manipulation
50458,116,wam,joint_window9,contact_manipulation,contact_manipulation
50458,117,wam,joint_window9,contact_manipulation,contact_manipulation
50458,118,wam,joint_window9,contact_manipulation,contact_manipulation
50458,129,wam,joint_window9,stable_transport,contact_manipulation
50458,130,wam,joint_window9,stable_transport,contact_manipulation
50458,131,wam,joint_window9,stable_transport,contact_manipulation
50458,132,wam,joint_window9,stable_transport,terminal_approach
50458,133,wam,joint_window9,stable_transport,terminal_approach
50458,134,wam,joint_window9,stable_transport,terminal_approach
50458,135,wam,joint_window9,stable_transport,terminal_approach
50458,136,wam,joint_window9,stable_transport,terminal_approach
50458,137,wam,joint_window9,stable_transport,terminal_approach
50458,138,wam,joint_window9,stable_transport,terminal_approach
50458,139,wam,joint_window9,stable_transport,terminal_approach
50458,140,wam,joint_window9,stable_transport,contact_manipulation
50458,141,wam,joint_window9,stable_transport,free_pre
50458,142,wam,joint_window9,stable_transport,stable_transport
50458,146,wam,joint_window9,stable_transport,terminal_approach
50458,147,wam,joint_window9,stable_transport,terminal_approach
50458,148,wam,joint_window9,stable_transport,terminal_approach
50458,149,wam,joint_window9,stable_transport,terminal_approach
50458,150,wam,joint_window9,stable_transport,terminal_approach
50458,151,wam,joint_window9,stable_transport,terminal_approach
50458,152,wam,joint_window9,stable_transport,placement_release
50458,153,wam,joint_window9,stable_transport,placement_release
50458,154,wam,joint_window9,stable_transport,terminal_approach
50458,155,wam,joint_window9,stable_transport,placement_release
50458,156,wam,joint_window9,stable_transport,placement_release
50458,157,wam,joint_window9,stable_transport,placement_release
50458,158,wam,joint_window9,stable_transport,placement_release
50458,159,wam,joint_window9,stable_transport,placement_release
50458,160,wam,joint_window9,stable_transport,placement_release
50458,161,wam,joint_window9,stable_transport,placement_release
50458,162,wam,joint_window9,stable_transport,placement_release
50458,163,wam,joint_window9,stable_transport,placement_release
50458,164,wam,joint_window9,stable_transport,placement_release
50458,165,wam,joint_window9,stable_transport,placement_release
50458,166,wam,joint_window9,stable_transport,placement_release
50458,170,wam,joint_window9,stable_transport,terminal_approach
50458,171,wam,joint_window9,stable_transport,terminal_approach
50458,181,wam,joint_window9,placement_release,terminal_approach
1925,26,wam,joint_gripper_window9,free_pre,terminal_approach
1925,27,wam,joint_gripper_window9,free_pre,terminal_approach
1925,28,wam,joint_gripper_window9,free_pre,terminal_approach
1925,29,wam,joint_gripper_window9,free_pre,terminal_approach
1925,30,wam,joint_gripper_window9,free_pre,terminal_approach
1925,31,wam,joint_gripper_window9,free_pre,terminal_approach
1925,32,wam,joint_gripper_window9,free_pre,terminal_approach
1925,33,wam,joint_gripper_window9,free_pre,terminal_approach
1925,34,wam,joint_gripper_window9,free_pre,terminal_approach
1925,35,wam,joint_gripper_window9,free_pre,terminal_approach
1925,36,wam,joint_gripper_window9,free_pre,terminal_approach
1925,37,wam,joint_gripper_window9,free_pre,terminal_approach
1925,38,wam,joint_gripper_window9,free_pre,terminal_approach
1925,39,wam,joint_gripper_window9,free_pre,terminal_approach
1925,57,wam,joint_gripper_window9,terminal_approach,contact_manipulation
1925,58,wam,joint_gripper_window9,terminal_approach,contact_manipulation
1925,59,wam,joint_gripper_window9,terminal_approach,contact_manipulation
1925,60,wam,joint_gripper_window9,terminal_approach,contact_manipulation
1925,61,wam,joint_gripper_window9,terminal_approach,contact_manipulation
1925,62,wam,joint_gripper_window9,terminal_approach,contact_manipulation
1925,63,wam,joint_gripper_window9,terminal_approach,contact_manipulation
1925,64,wam,joint_gripper_window9,terminal_approach,contact_manipulation
1925,65,wam,joint_gripper_window9,terminal_approach,contact_manipulation
1925,66,wam,joint_gripper_window9,terminal_approach,contact_manipulation
1925,67,wam,joint_gripper_window9,terminal_approach,contact_manipulation
1925,68,wam,joint_gripper_window9,terminal_approach,contact_manipulation
1925,69,wam,joint_gripper_window9,terminal_approach,contact_manipulation
1925,70,wam,joint_gripper_window9,terminal_approach,contact_manipulation
1925,74,wam,joint_gripper_window9,terminal_approach,contact_manipulation
1925,75,wam,joint_gripper_window9,terminal_approach,contact_manipulation
1925,76,wam,joint_gripper_window9,terminal_approach,contact_manipulation
1925,77,wam,joint_gripper_window9,terminal_approach,contact_manipulation
1925,98,wam,joint_gripper_window9,contact_manipulation,terminal_approach
1925,99,wam,joint_gripper_window9,contact_manipulation,terminal_approach
1925,100,wam,joint_gripper_window9,contact_manipulation,terminal_approach
1925,101,wam,joint_gripper_window9,contact_manipulation,terminal_approach
1925,102,wam,joint_gripper_window9,contact_manipulation,terminal_approach
1925,103,wam,joint_gripper_window9,contact_manipulation,contact_manipulation
1925,104,wam,joint_gripper_window9,contact_manipulation,contact_manipulation
1925,105,wam,joint_gripper_window9,contact_manipulation,contact_manipulation
1925,106,wam,joint_gripper_window9,contact_manipulation,contact_manipulation
1925,107,wam,joint_gripper_window9,contact_manipulation,contact_manipulation
1925,117,wam,joint_gripper_window9,contact_manipulation,placement_release
1925,118,wam,joint_gripper_window9,contact_manipulation,placement_release
1925,122,wam,joint_gripper_window9,contact_manipulation,contact_manipulation
1925,123,wam,joint_gripper_window9,contact_manipulation,contact_manipulation
1925,124,wam,joint_gripper_window9,contact_manipulation,contact_manipulation
1925,125,wam,joint_gripper_window9,contact_manipulation,contact_manipulation
1925,137,wam,joint_gripper_window9,stable_transport,placement_release
1925,138,wam,joint_gripper_window9,stable_transport,placement_release
1925,139,wam,joint_gripper_window9,stable_transport,placement_release
1925,140,wam,joint_gripper_window9,stable_transport,placement_release
1925,141,wam,joint_gripper_window9,stable_transport,placement_release
1925,142,wam,joint_gripper_window9,stable_transport,placement_release
1925,146,wam,joint_gripper_window9,stable_transport,stable_transport
1925,147,wam,joint_gripper_window9,stable_transport,stable_transport
1925,148,wam,joint_gripper_window9,stable_transport,stable_transport
1925,149,wam,joint_gripper_window9,stable_transport,contact_manipulation
1925,150,wam,joint_gripper_window9,stable_transport,contact_manipulation
1925,151,wam,joint_gripper_window9,stable_transport,contact_manipulation
1925,152,wam,joint_gripper_window9,stable_transport,contact_manipulation
1925,153,wam,joint_gripper_window9,stable_transport,contact_manipulation
1925,154,wam,joint_gripper_window9,stable_transport,contact_manipulation
1925,155,wam,joint_gripper_window9,stable_transport,contact_manipulation
1925,156,wam,joint_gripper_window9,stable_transport,contact_manipulation
1925,157,wam,joint_gripper_window9,stable_transport,contact_manipulation
1925,158,wam,joint_gripper_window9,stable_transport,contact_manipulation
1925,159,wam,joint_gripper_window9,stable_transport,contact_manipulation
1925,160,wam,joint_gripper_window9,stable_transport,placement_release
1925,161,wam,joint_gripper_window9,stable_transport,contact_manipulation
1925,162,wam,joint_gripper_window9,stable_transport,contact_manipulation
1925,163,wam,joint_gripper_window9,stable_transport,contact_manipulation
1925,164,wam,joint_gripper_window9,stable_transport,placement_release
1925,165,wam,joint_gripper_window9,stable_transport,placement_release
1925,166,wam,joint_gripper_window9,stable_transport,placement_release
1925,170,wam,joint_gripper_window9,stable_transport,contact_manipulation
1925,171,wam,joint_gripper_window9,stable_transport,contact_manipulation
1925,172,wam,joint_gripper_window9,stable_transport,contact_manipulation
1925,173,wam,joint_gripper_window9,stable_transport,contact_manipulation
1925,174,wam,joint_gripper_window9,stable_transport,contact_manipulation
1925,175,wam,joint_gripper_window9,stable_transport,contact_manipulation
1925,176,wam,joint_gripper_window9,stable_transport,contact_manipulation
1925,177,wam,joint_gripper_window9,stable_transport,contact_manipulation
16001,26,wam,joint_gripper_window9,free_pre,free_pre
16001,27,wam,joint_gripper_window9,free_pre,free_pre
16001,28,wam,joint_gripper_window9,free_pre,free_pre
16001,29,wam,joint_gripper_window9,free_pre,free_pre
16001,30,wam,joint_gripper_window9,free_pre,free_pre
16001,31,wam,joint_gripper_window9,free_pre,free_pre
16001,50,wam,joint_gripper_window9,terminal_approach,free_pre
16001,51,wam,joint_gripper_window9,terminal_approach,free_pre
16001,52,wam,joint_gripper_window9,terminal_approach,free_pre
16001,53,wam,joint_gripper_window9,terminal_approach,free_pre
16001,54,wam,joint_gripper_window9,terminal_approach,free_pre
16001,55,wam,joint_gripper_window9,terminal_approach,free_pre
16001,56,wam,joint_gripper_window9,terminal_approach,free_pre
16001,57,wam,joint_gripper_window9,terminal_approach,free_pre
16001,58,wam,joint_gripper_window9,terminal_approach,free_pre
16001,59,wam,joint_gripper_window9,terminal_approach,free_pre
16001,60,wam,joint_gripper_window9,terminal_approach,free_pre
16001,61,wam,joint_gripper_window9,terminal_approach,free_pre
16001,87,wam,joint_gripper_window9,contact_manipulation,contact_manipulation
16001,88,wam,joint_gripper_window9,contact_manipulation,contact_manipulation
16001,89,wam,joint_gripper_window9,contact_manipulation,contact_manipulation
16001,90,wam,joint_gripper_window9,contact_manipulation,contact_manipulation
16001,91,wam,joint_gripper_window9,contact_manipulation,contact_manipulation
16001,92,wam,joint_gripper_window9,contact_manipulation,contact_manipulation
16001,93,wam,joint_gripper_window9,contact_manipulation,contact_manipulation
16001,94,wam,joint_gripper_window9,contact_manipulation,contact_manipulation
16001,98,wam,joint_gripper_window9,contact_manipulation,contact_manipulation
16001,99,wam,joint_gripper_window9,contact_manipulation,contact_manipulation
16001,100,wam,joint_gripper_window9,contact_manipulation,contact_manipulation
16001,101,wam,joint_gripper_window9,contact_manipulation,contact_manipulation
16001,102,wam,joint_gripper_window9,contact_manipulation,contact_manipulation
16001,103,wam,joint_gripper_window9,contact_manipulation,contact_manipulation
16001,104,wam,joint_gripper_window9,contact_manipulation,contact_manipulation
16001,105,wam,joint_gripper_window9,contact_manipulation,contact_manipulation
16001,106,wam,joint_gripper_window9,contact_manipulation,stable_transport
16001,107,wam,joint_gripper_window9,contact_manipulation,stable_transport
16001,108,wam,joint_gripper_window9,contact_manipulation,stable_transport
16001,109,wam,joint_gripper_window9,contact_manipulation,stable_transport
16001,110,wam,joint_gripper_window9,contact_manipulation,stable_transport
16001,111,wam,joint_gripper_window9,contact_manipulation,stable_transport
16001,112,wam,joint_gripper_window9,contact_manipulation,stable_transport
16001,113,wam,joint_gripper_window9,contact_manipulation,stable_transport
16001,114,wam,joint_gripper_window9,contact_manipulation,stable_transport
16001,115,wam,joint_gripper_window9,contact_manipulation,stable_transport
16001,116,wam,joint_gripper_window9,contact_manipulation,stable_transport
16001,117,wam,joint_gripper_window9,contact_manipulation,stable_transport
16001,118,wam,joint_gripper_window9,contact_manipulation,contact_manipulation
16001,122,wam,joint_gripper_window9,contact_manipulation,stable_transport
16001,123,wam,joint_gripper_window9,contact_manipulation,stable_transport
16001,124,wam,joint_gripper_window9,contact_manipulation,stable_transport
16001,125,wam,joint_gripper_window9,contact_manipulation,stable_transport
16001,126,wam,joint_gripper_window9,contact_manipulation,stable_transport
16001,127,wam,joint_gripper_window9,contact_manipulation,stable_transport
16001,128,wam,joint_gripper_window9,contact_manipulation,stable_transport
16001,129,wam,joint_gripper_window9,contact_manipulation,stable_transport
16001,130,wam,joint_gripper_window9,contact_manipulation,terminal_approach
16001,131,wam,joint_gripper_window9,contact_manipulation,terminal_approach
16001,132,wam,joint_gripper_window9,contact_manipulation,placement_release
16001,133,wam,joint_gripper_window9,contact_manipulation,terminal_approach
16001,134,wam,joint_gripper_window9,contact_manipulation,terminal_approach
16001,135,wam,joint_gripper_window9,contact_manipulation,terminal_approach
16001,136,wam,joint_gripper_window9,contact_manipulation,terminal_approach
16001,137,wam,joint_gripper_window9,contact_manipulation,placement_release
16001,138,wam,joint_gripper_window9,contact_manipulation,stable_transport
16001,139,wam,joint_gripper_window9,contact_manipulation,stable_transport
16001,140,wam,joint_gripper_window9,contact_manipulation,contact_manipulation
16001,141,wam,joint_gripper_window9,contact_manipulation,stable_transport
16001,142,wam,joint_gripper_window9,contact_manipulation,stable_transport
16001,146,wam,joint_gripper_window9,contact_manipulation,stable_transport
16001,147,wam,joint_gripper_window9,contact_manipulation,stable_transport
16001,163,wam,joint_gripper_window9,placement_release,contact_manipulation
16001,164,wam,joint_gripper_window9,placement_release,terminal_approach
16001,165,wam,joint_gripper_window9,placement_release,terminal_approach
16001,166,wam,joint_gripper_window9,placement_release,stable_transport
16001,170,wam,joint_gripper_window9,placement_release,stable_transport
16001,171,wam,joint_gripper_window9,placement_release,stable_transport
16001,172,wam,joint_gripper_window9,placement_release,stable_transport
16001,173,wam,joint_gripper_window9,placement_release,contact_manipulation
16001,174,wam,joint_gripper_window9,placement_release,contact_manipulation
16001,175,wam,joint_gripper_window9,placement_release,contact_manipulation
16001,176,wam,joint_gripper_window9,placement_release,contact_manipulation
16001,177,wam,joint_gripper_window9,placement_release,contact_manipulation
16001,178,wam,joint_gripper_window9,placement_release,contact_manipulation
16001,179,wam,joint_gripper_window9,placement_release,contact_manipulation
16001,189,wam,joint_gripper_window9,placement_release,terminal_approach
16001,190,wam,joint_gripper_window9,placement_release,terminal_approach
50458,26,wam,joint_gripper_window9,free_pre,terminal_approach
50458,27,wam,joint_gripper_window9,free_pre,terminal_approach
50458,28,wam,joint_gripper_window9,free_pre,terminal_approach
50458,29,wam,joint_gripper_window9,free_pre,terminal_approach
50458,30,wam,joint_gripper_window9,free_pre,terminal_approach
50458,31,wam,joint_gripper_window9,free_pre,terminal_approach
50458,32,wam,joint_gripper_window9,free_pre,terminal_approach
50458,33,wam,joint_gripper_window9,free_pre,terminal_approach
50458,34,wam,joint_gripper_window9,free_pre,terminal_approach
50458,35,wam,joint_gripper_window9,free_pre,terminal_approach
50458,53,wam,joint_gripper_window9,terminal_approach,placement_release
50458,54,wam,joint_gripper_window9,terminal_approach,placement_release
50458,55,wam,joint_gripper_window9,terminal_approach,placement_release
50458,56,wam,joint_gripper_window9,terminal_approach,placement_release
50458,57,wam,joint_gripper_window9,terminal_approach,placement_release
50458,58,wam,joint_gripper_window9,terminal_approach,terminal_approach
50458,59,wam,joint_gripper_window9,terminal_approach,terminal_approach
50458,60,wam,joint_gripper_window9,terminal_approach,terminal_approach
50458,61,wam,joint_gripper_window9,terminal_approach,placement_release
50458,62,wam,joint_gripper_window9,terminal_approach,terminal_approach
50458,63,wam,joint_gripper_window9,terminal_approach,terminal_approach
50458,75,wam,joint_gripper_window9,contact_manipulation,terminal_approach
50458,76,wam,joint_gripper_window9,contact_manipulation,placement_release
50458,77,wam,joint_gripper_window9,contact_manipulation,placement_release
50458,78,wam,joint_gripper_window9,contact_manipulation,placement_release
50458,79,wam,joint_gripper_window9,contact_manipulation,terminal_approach
50458,80,wam,joint_gripper_window9,contact_manipulation,terminal_approach
50458,81,wam,joint_gripper_window9,contact_manipulation,placement_release
50458,82,wam,joint_gripper_window9,contact_manipulation,terminal_approach
50458,83,wam,joint_gripper_window9,contact_manipulation,terminal_approach
50458,84,wam,joint_gripper_window9,contact_manipulation,terminal_approach
50458,85,wam,joint_gripper_window9,contact_manipulation,terminal_approach
50458,86,wam,joint_gripper_window9,contact_manipulation,terminal_approach
50458,87,wam,joint_gripper_window9,contact_manipulation,terminal_approach
50458,88,wam,joint_gripper_window9,contact_manipulation,terminal_approach
50458,89,wam,joint_gripper_window9,contact_manipulation,terminal_approach
50458,90,wam,joint_gripper_window9,contact_manipulation,terminal_approach
50458,91,wam,joint_gripper_window9,contact_manipulation,terminal_approach
50458,92,wam,joint_gripper_window9,contact_manipulation,terminal_approach
50458,93,wam,joint_gripper_window9,contact_manipulation,terminal_approach
50458,94,wam,joint_gripper_window9,contact_manipulation,terminal_approach
50458,98,wam,joint_gripper_window9,contact_manipulation,contact_manipulation
50458,99,wam,joint_gripper_window9,contact_manipulation,contact_manipulation
50458,100,wam,joint_gripper_window9,contact_manipulation,contact_manipulation
50458,101,wam,joint_gripper_window9,contact_manipulation,contact_manipulation
50458,102,wam,joint_gripper_window9,contact_manipulation,contact_manipulation
50458,103,wam,joint_gripper_window9,contact_manipulation,contact_manipulation
50458,104,wam,joint_gripper_window9,contact_manipulation,contact_manipulation
50458,105,wam,joint_gripper_window9,contact_manipulation,contact_manipulation
50458,115,wam,joint_gripper_window9,contact_manipulation,contact_manipulation
50458,116,wam,joint_gripper_window9,contact_manipulation,contact_manipulation
50458,117,wam,joint_gripper_window9,contact_manipulation,contact_manipulation
50458,118,wam,joint_gripper_window9,contact_manipulation,contact_manipulation
50458,129,wam,joint_gripper_window9,stable_transport,stable_transport
50458,130,wam,joint_gripper_window9,stable_transport,stable_transport
50458,131,wam,joint_gripper_window9,stable_transport,stable_transport
50458,132,wam,joint_gripper_window9,stable_transport,stable_transport
50458,133,wam,joint_gripper_window9,stable_transport,stable_transport
50458,134,wam,joint_gripper_window9,stable_transport,contact_manipulation
50458,135,wam,joint_gripper_window9,stable_transport,contact_manipulation
50458,136,wam,joint_gripper_window9,stable_transport,contact_manipulation
50458,137,wam,joint_gripper_window9,stable_transport,contact_manipulation
50458,138,wam,joint_gripper_window9,stable_transport,stable_transport
50458,139,wam,joint_gripper_window9,stable_transport,stable_transport
50458,140,wam,joint_gripper_window9,stable_transport,stable_transport
50458,141,wam,joint_gripper_window9,stable_transport,stable_transport
50458,142,wam,joint_gripper_window9,stable_transport,stable_transport
50458,146,wam,joint_gripper_window9,stable_transport,placement_release
50458,147,wam,joint_gripper_window9,stable_transport,placement_release
50458,148,wam,joint_gripper_window9,stable_transport,placement_release
50458,149,wam,joint_gripper_window9,stable_transport,placement_release
50458,150,wam,joint_gripper_window9,stable_transport,placement_release
50458,151,wam,joint_gripper_window9,stable_transport,placement_release
50458,152,wam,joint_gripper_window9,stable_transport,placement_release
50458,153,wam,joint_gripper_window9,stable_transport,placement_release
50458,154,wam,joint_gripper_window9,stable_transport,placement_release
50458,155,wam,joint_gripper_window9,stable_transport,placement_release
50458,156,wam,joint_gripper_window9,stable_transport,placement_release
50458,157,wam,joint_gripper_window9,stable_transport,placement_release
50458,158,wam,joint_gripper_window9,stable_transport,placement_release
50458,159,wam,joint_gripper_window9,stable_transport,placement_release
50458,160,wam,joint_gripper_window9,stable_transport,placement_release
50458,161,wam,joint_gripper_window9,stable_transport,placement_release
50458,162,wam,joint_gripper_window9,stable_transport,placement_release
50458,163,wam,joint_gripper_window9,stable_transport,placement_release
50458,164,wam,joint_gripper_window9,stable_transport,placement_release
50458,165,wam,joint_gripper_window9,stable_transport,placement_release
50458,166,wam,joint_gripper_window9,stable_transport,placement_release
50458,170,wam,joint_gripper_window9,stable_transport,placement_release
50458,171,wam,joint_gripper_window9,stable_transport,placement_release
50458,181,wam,joint_gripper_window9,placement_release,stable_transport
1925,26,wam,time_only,free_pre,free_pre
1925,27,wam,time_only,free_pre,free_pre
1925,28,wam,time_only,free_pre,free_pre
1925,29,wam,time_only,free_pre,free_pre
1925,30,wam,time_only,free_pre,free_pre
1925,31,wam,time_only,free_pre,free_pre
1925,32,wam,time_only,free_pre,free_pre
1925,33,wam,time_only,free_pre,free_pre
1925,34,wam,time_only,free_pre,free_pre
1925,35,wam,time_only,free_pre,free_pre
1925,36,wam,time_only,free_pre,free_pre
1925,37,wam,time_only,free_pre,free_pre
1925,38,wam,time_only,free_pre,free_pre
1925,39,wam,time_only,free_pre,free_pre
1925,57,wam,time_only,terminal_approach,terminal_approach
1925,58,wam,time_only,terminal_approach,terminal_approach
1925,59,wam,time_only,terminal_approach,terminal_approach
1925,60,wam,time_only,terminal_approach,terminal_approach
1925,61,wam,time_only,terminal_approach,terminal_approach
1925,62,wam,time_only,terminal_approach,terminal_approach
1925,63,wam,time_only,terminal_approach,terminal_approach
1925,64,wam,time_only,terminal_approach,terminal_approach
1925,65,wam,time_only,terminal_approach,terminal_approach
1925,66,wam,time_only,terminal_approach,terminal_approach
1925,67,wam,time_only,terminal_approach,terminal_approach
1925,68,wam,time_only,terminal_approach,terminal_approach
1925,69,wam,time_only,terminal_approach,terminal_approach
1925,70,wam,time_only,terminal_approach,terminal_approach
1925,74,wam,time_only,terminal_approach,terminal_approach
1925,75,wam,time_only,terminal_approach,terminal_approach
1925,76,wam,time_only,terminal_approach,terminal_approach
1925,77,wam,time_only,terminal_approach,terminal_approach
1925,98,wam,time_only,contact_manipulation,contact_manipulation
1925,99,wam,time_only,contact_manipulation,contact_manipulation
1925,100,wam,time_only,contact_manipulation,contact_manipulation
1925,101,wam,time_only,contact_manipulation,contact_manipulation
1925,102,wam,time_only,contact_manipulation,contact_manipulation
1925,103,wam,time_only,contact_manipulation,contact_manipulation
1925,104,wam,time_only,contact_manipulation,contact_manipulation
1925,105,wam,time_only,contact_manipulation,contact_manipulation
1925,106,wam,time_only,contact_manipulation,contact_manipulation
1925,107,wam,time_only,contact_manipulation,contact_manipulation
1925,117,wam,time_only,contact_manipulation,contact_manipulation
1925,118,wam,time_only,contact_manipulation,contact_manipulation
1925,122,wam,time_only,contact_manipulation,contact_manipulation
1925,123,wam,time_only,contact_manipulation,contact_manipulation
1925,124,wam,time_only,contact_manipulation,contact_manipulation
1925,125,wam,time_only,contact_manipulation,contact_manipulation
1925,137,wam,time_only,stable_transport,stable_transport
1925,138,wam,time_only,stable_transport,stable_transport
1925,139,wam,time_only,stable_transport,stable_transport
1925,140,wam,time_only,stable_transport,stable_transport
1925,141,wam,time_only,stable_transport,stable_transport
1925,142,wam,time_only,stable_transport,stable_transport
1925,146,wam,time_only,stable_transport,stable_transport
1925,147,wam,time_only,stable_transport,stable_transport
1925,148,wam,time_only,stable_transport,stable_transport
1925,149,wam,time_only,stable_transport,stable_transport
1925,150,wam,time_only,stable_transport,stable_transport
1925,151,wam,time_only,stable_transport,stable_transport
1925,152,wam,time_only,stable_transport,stable_transport
1925,153,wam,time_only,stable_transport,stable_transport
1925,154,wam,time_only,stable_transport,stable_transport
1925,155,wam,time_only,stable_transport,stable_transport
1925,156,wam,time_only,stable_transport,stable_transport
1925,157,wam,time_only,stable_transport,stable_transport
1925,158,wam,time_only,stable_transport,stable_transport
1925,159,wam,time_only,stable_transport,stable_transport
1925,160,wam,time_only,stable_transport,placement_release
1925,161,wam,time_only,stable_transport,placement_release
1925,162,wam,time_only,stable_transport,placement_release
1925,163,wam,time_only,stable_transport,placement_release
1925,164,wam,time_only,stable_transport,placement_release
1925,165,wam,time_only,stable_transport,placement_release
1925,166,wam,time_only,stable_transport,placement_release
1925,170,wam,time_only,stable_transport,placement_release
1925,171,wam,time_only,stable_transport,placement_release
1925,172,wam,time_only,stable_transport,placement_release
1925,173,wam,time_only,stable_transport,placement_release
1925,174,wam,time_only,stable_transport,placement_release
1925,175,wam,time_only,stable_transport,placement_release
1925,176,wam,time_only,stable_transport,placement_release
1925,177,wam,time_only,stable_transport,placement_release
16001,26,wam,time_only,free_pre,free_pre
16001,27,wam,time_only,free_pre,free_pre
16001,28,wam,time_only,free_pre,free_pre
16001,29,wam,time_only,free_pre,free_pre
16001,30,wam,time_only,free_pre,free_pre
16001,31,wam,time_only,free_pre,free_pre
16001,50,wam,time_only,terminal_approach,free_pre
16001,51,wam,time_only,terminal_approach,terminal_approach
16001,52,wam,time_only,terminal_approach,terminal_approach
16001,53,wam,time_only,terminal_approach,terminal_approach
16001,54,wam,time_only,terminal_approach,terminal_approach
16001,55,wam,time_only,terminal_approach,terminal_approach
16001,56,wam,time_only,terminal_approach,terminal_approach
16001,57,wam,time_only,terminal_approach,terminal_approach
16001,58,wam,time_only,terminal_approach,terminal_approach
16001,59,wam,time_only,terminal_approach,terminal_approach
16001,60,wam,time_only,terminal_approach,terminal_approach
16001,61,wam,time_only,terminal_approach,terminal_approach
16001,87,wam,time_only,contact_manipulation,contact_manipulation
16001,88,wam,time_only,contact_manipulation,contact_manipulation
16001,89,wam,time_only,contact_manipulation,contact_manipulation
16001,90,wam,time_only,contact_manipulation,contact_manipulation
16001,91,wam,time_only,contact_manipulation,contact_manipulation
16001,92,wam,time_only,contact_manipulation,contact_manipulation
16001,93,wam,time_only,contact_manipulation,contact_manipulation
16001,94,wam,time_only,contact_manipulation,contact_manipulation
16001,98,wam,time_only,contact_manipulation,contact_manipulation
16001,99,wam,time_only,contact_manipulation,contact_manipulation
16001,100,wam,time_only,contact_manipulation,contact_manipulation
16001,101,wam,time_only,contact_manipulation,contact_manipulation
16001,102,wam,time_only,contact_manipulation,contact_manipulation
16001,103,wam,time_only,contact_manipulation,contact_manipulation
16001,104,wam,time_only,contact_manipulation,contact_manipulation
16001,105,wam,time_only,contact_manipulation,contact_manipulation
16001,106,wam,time_only,contact_manipulation,contact_manipulation
16001,107,wam,time_only,contact_manipulation,contact_manipulation
16001,108,wam,time_only,contact_manipulation,contact_manipulation
16001,109,wam,time_only,contact_manipulation,contact_manipulation
16001,110,wam,time_only,contact_manipulation,contact_manipulation
16001,111,wam,time_only,contact_manipulation,contact_manipulation
16001,112,wam,time_only,contact_manipulation,contact_manipulation
16001,113,wam,time_only,contact_manipulation,contact_manipulation
16001,114,wam,time_only,contact_manipulation,contact_manipulation
16001,115,wam,time_only,contact_manipulation,contact_manipulation
16001,116,wam,time_only,contact_manipulation,contact_manipulation
16001,117,wam,time_only,contact_manipulation,contact_manipulation
16001,118,wam,time_only,contact_manipulation,contact_manipulation
16001,122,wam,time_only,contact_manipulation,contact_manipulation
16001,123,wam,time_only,contact_manipulation,contact_manipulation
16001,124,wam,time_only,contact_manipulation,contact_manipulation
16001,125,wam,time_only,contact_manipulation,contact_manipulation
16001,126,wam,time_only,contact_manipulation,stable_transport
16001,127,wam,time_only,contact_manipulation,stable_transport
16001,128,wam,time_only,contact_manipulation,stable_transport
16001,129,wam,time_only,contact_manipulation,stable_transport
16001,130,wam,time_only,contact_manipulation,stable_transport
16001,131,wam,time_only,contact_manipulation,stable_transport
16001,132,wam,time_only,contact_manipulation,stable_transport
16001,133,wam,time_only,contact_manipulation,stable_transport
16001,134,wam,time_only,contact_manipulation,stable_transport
16001,135,wam,time_only,contact_manipulation,stable_transport
16001,136,wam,time_only,contact_manipulation,stable_transport
16001,137,wam,time_only,contact_manipulation,stable_transport
16001,138,wam,time_only,contact_manipulation,stable_transport
16001,139,wam,time_only,contact_manipulation,stable_transport
16001,140,wam,time_only,contact_manipulation,stable_transport
16001,141,wam,time_only,contact_manipulation,stable_transport
16001,142,wam,time_only,contact_manipulation,stable_transport
16001,146,wam,time_only,contact_manipulation,stable_transport
16001,147,wam,time_only,contact_manipulation,stable_transport
16001,163,wam,time_only,placement_release,stable_transport
16001,164,wam,time_only,placement_release,stable_transport
16001,165,wam,time_only,placement_release,stable_transport
16001,166,wam,time_only,placement_release,placement_release
16001,170,wam,time_only,placement_release,placement_release
16001,171,wam,time_only,placement_release,placement_release
16001,172,wam,time_only,placement_release,placement_release
16001,173,wam,time_only,placement_release,placement_release
16001,174,wam,time_only,placement_release,placement_release
16001,175,wam,time_only,placement_release,placement_release
16001,176,wam,time_only,placement_release,placement_release
16001,177,wam,time_only,placement_release,placement_release
16001,178,wam,time_only,placement_release,placement_release
16001,179,wam,time_only,placement_release,placement_release
16001,189,wam,time_only,placement_release,placement_release
16001,190,wam,time_only,placement_release,placement_release
50458,26,wam,time_only,free_pre,free_pre
50458,27,wam,time_only,free_pre,free_pre
50458,28,wam,time_only,free_pre,free_pre
50458,29,wam,time_only,free_pre,free_pre
50458,30,wam,time_only,free_pre,free_pre
50458,31,wam,time_only,free_pre,free_pre
50458,32,wam,time_only,free_pre,free_pre
50458,33,wam,time_only,free_pre,free_pre
50458,34,wam,time_only,free_pre,free_pre
50458,35,wam,time_only,free_pre,free_pre
50458,53,wam,time_only,terminal_approach,terminal_approach
50458,54,wam,time_only,terminal_approach,terminal_approach
50458,55,wam,time_only,terminal_approach,terminal_approach
50458,56,wam,time_only,terminal_approach,terminal_approach
50458,57,wam,time_only,terminal_approach,terminal_approach
50458,58,wam,time_only,terminal_approach,terminal_approach
50458,59,wam,time_only,terminal_approach,terminal_approach
50458,60,wam,time_only,terminal_approach,terminal_approach
50458,61,wam,time_only,terminal_approach,terminal_approach
50458,62,wam,time_only,terminal_approach,terminal_approach
50458,63,wam,time_only,terminal_approach,terminal_approach
50458,75,wam,time_only,contact_manipulation,terminal_approach
50458,76,wam,time_only,contact_manipulation,terminal_approach
50458,77,wam,time_only,contact_manipulation,terminal_approach
50458,78,wam,time_only,contact_manipulation,terminal_approach
50458,79,wam,time_only,contact_manipulation,terminal_approach
50458,80,wam,time_only,contact_manipulation,terminal_approach
50458,81,wam,time_only,contact_manipulation,terminal_approach
50458,82,wam,time_only,contact_manipulation,terminal_approach
50458,83,wam,time_only,contact_manipulation,terminal_approach
50458,84,wam,time_only,contact_manipulation,terminal_approach
50458,85,wam,time_only,contact_manipulation,terminal_approach
50458,86,wam,time_only,contact_manipulation,terminal_approach
50458,87,wam,time_only,contact_manipulation,terminal_approach
50458,88,wam,time_only,contact_manipulation,contact_manipulation
50458,89,wam,time_only,contact_manipulation,contact_manipulation
50458,90,wam,time_only,contact_manipulation,contact_manipulation
50458,91,wam,time_only,contact_manipulation,contact_manipulation
50458,92,wam,time_only,contact_manipulation,contact_manipulation
50458,93,wam,time_only,contact_manipulation,contact_manipulation
50458,94,wam,time_only,contact_manipulation,contact_manipulation
50458,98,wam,time_only,contact_manipulation,contact_manipulation
50458,99,wam,time_only,contact_manipulation,contact_manipulation
50458,100,wam,time_only,contact_manipulation,contact_manipulation
50458,101,wam,time_only,contact_manipulation,contact_manipulation
50458,102,wam,time_only,contact_manipulation,contact_manipulation
50458,103,wam,time_only,contact_manipulation,contact_manipulation
50458,104,wam,time_only,contact_manipulation,contact_manipulation
50458,105,wam,time_only,contact_manipulation,contact_manipulation
50458,115,wam,time_only,contact_manipulation,contact_manipulation
50458,116,wam,time_only,contact_manipulation,contact_manipulation
50458,117,wam,time_only,contact_manipulation,contact_manipulation
50458,118,wam,time_only,contact_manipulation,contact_manipulation
50458,129,wam,time_only,stable_transport,contact_manipulation
50458,130,wam,time_only,stable_transport,contact_manipulation
50458,131,wam,time_only,stable_transport,contact_manipulation
50458,132,wam,time_only,stable_transport,contact_manipulation
50458,133,wam,time_only,stable_transport,contact_manipulation
50458,134,wam,time_only,stable_transport,contact_manipulation
50458,135,wam,time_only,stable_transport,contact_manipulation
50458,136,wam,time_only,stable_transport,contact_manipulation
50458,137,wam,time_only,stable_transport,contact_manipulation
50458,138,wam,time_only,stable_transport,stable_transport
50458,139,wam,time_only,stable_transport,stable_transport
50458,140,wam,time_only,stable_transport,stable_transport
50458,141,wam,time_only,stable_transport,stable_transport
50458,142,wam,time_only,stable_transport,stable_transport
50458,146,wam,time_only,stable_transport,stable_transport
50458,147,wam,time_only,stable_transport,stable_transport
50458,148,wam,time_only,stable_transport,stable_transport
50458,149,wam,time_only,stable_transport,stable_transport
50458,150,wam,time_only,stable_transport,stable_transport
50458,151,wam,time_only,stable_transport,stable_transport
50458,152,wam,time_only,stable_transport,stable_transport
50458,153,wam,time_only,stable_transport,stable_transport
50458,154,wam,time_only,stable_transport,stable_transport
50458,155,wam,time_only,stable_transport,stable_transport
50458,156,wam,time_only,stable_transport,stable_transport
50458,157,wam,time_only,stable_transport,stable_transport
50458,158,wam,time_only,stable_transport,stable_transport
50458,159,wam,time_only,stable_transport,stable_transport
50458,160,wam,time_only,stable_transport,stable_transport
50458,161,wam,time_only,stable_transport,stable_transport
50458,162,wam,time_only,stable_transport,stable_transport
50458,163,wam,time_only,stable_transport,placement_release
50458,164,wam,time_only,stable_transport,placement_release
50458,165,wam,time_only,stable_transport,placement_release
50458,166,wam,time_only,stable_transport,placement_release
50458,170,wam,time_only,stable_transport,placement_release
50458,171,wam,time_only,stable_transport,placement_release
50458,181,wam,time_only,placement_release,placement_release
1925,26,wam,time_gripper,free_pre,free_pre
1925,27,wam,time_gripper,free_pre,free_pre
1925,28,wam,time_gripper,free_pre,free_pre
1925,29,wam,time_gripper,free_pre,free_pre
1925,30,wam,time_gripper,free_pre,free_pre
1925,31,wam,time_gripper,free_pre,free_pre
1925,32,wam,time_gripper,free_pre,free_pre
1925,33,wam,time_gripper,free_pre,free_pre
1925,34,wam,time_gripper,free_pre,free_pre
1925,35,wam,time_gripper,free_pre,free_pre
1925,36,wam,time_gripper,free_pre,free_pre
1925,37,wam,time_gripper,free_pre,free_pre
1925,38,wam,time_gripper,free_pre,free_pre
1925,39,wam,time_gripper,free_pre,free_pre
1925,57,wam,time_gripper,terminal_approach,terminal_approach
1925,58,wam,time_gripper,terminal_approach,terminal_approach
1925,59,wam,time_gripper,terminal_approach,terminal_approach
1925,60,wam,time_gripper,terminal_approach,terminal_approach
1925,61,wam,time_gripper,terminal_approach,terminal_approach
1925,62,wam,time_gripper,terminal_approach,terminal_approach
1925,63,wam,time_gripper,terminal_approach,terminal_approach
1925,64,wam,time_gripper,terminal_approach,terminal_approach
1925,65,wam,time_gripper,terminal_approach,terminal_approach
1925,66,wam,time_gripper,terminal_approach,terminal_approach
1925,67,wam,time_gripper,terminal_approach,contact_manipulation
1925,68,wam,time_gripper,terminal_approach,contact_manipulation
1925,69,wam,time_gripper,terminal_approach,contact_manipulation
1925,70,wam,time_gripper,terminal_approach,contact_manipulation
1925,74,wam,time_gripper,terminal_approach,terminal_approach
1925,75,wam,time_gripper,terminal_approach,terminal_approach
1925,76,wam,time_gripper,terminal_approach,terminal_approach
1925,77,wam,time_gripper,terminal_approach,terminal_approach
1925,98,wam,time_gripper,contact_manipulation,terminal_approach
1925,99,wam,time_gripper,contact_manipulation,terminal_approach
1925,100,wam,time_gripper,contact_manipulation,terminal_approach
1925,101,wam,time_gripper,contact_manipulation,terminal_approach
1925,102,wam,time_gripper,contact_manipulation,contact_manipulation
1925,103,wam,time_gripper,contact_manipulation,contact_manipulation
1925,104,wam,time_gripper,contact_manipulation,contact_manipulation
1925,105,wam,time_gripper,contact_manipulation,contact_manipulation
1925,106,wam,time_gripper,contact_manipulation,contact_manipulation
1925,107,wam,time_gripper,contact_manipulation,contact_manipulation
1925,117,wam,time_gripper,contact_manipulation,contact_manipulation
1925,118,wam,time_gripper,contact_manipulation,terminal_approach
1925,122,wam,time_gripper,contact_manipulation,stable_transport
1925,123,wam,time_gripper,contact_manipulation,stable_transport
1925,124,wam,time_gripper,contact_manipulation,stable_transport
1925,125,wam,time_gripper,contact_manipulation,stable_transport
1925,137,wam,time_gripper,stable_transport,stable_transport
1925,138,wam,time_gripper,stable_transport,stable_transport
1925,139,wam,time_gripper,stable_transport,stable_transport
1925,140,wam,time_gripper,stable_transport,stable_transport
1925,141,wam,time_gripper,stable_transport,stable_transport
1925,142,wam,time_gripper,stable_transport,stable_transport
1925,146,wam,time_gripper,stable_transport,stable_transport
1925,147,wam,time_gripper,stable_transport,stable_transport
1925,148,wam,time_gripper,stable_transport,stable_transport
1925,149,wam,time_gripper,stable_transport,stable_transport
1925,150,wam,time_gripper,stable_transport,stable_transport
1925,151,wam,time_gripper,stable_transport,stable_transport
1925,152,wam,time_gripper,stable_transport,stable_transport
1925,153,wam,time_gripper,stable_transport,stable_transport
1925,154,wam,time_gripper,stable_transport,stable_transport
1925,155,wam,time_gripper,stable_transport,stable_transport
1925,156,wam,time_gripper,stable_transport,stable_transport
1925,157,wam,time_gripper,stable_transport,stable_transport
1925,158,wam,time_gripper,stable_transport,stable_transport
1925,159,wam,time_gripper,stable_transport,stable_transport
1925,160,wam,time_gripper,stable_transport,stable_transport
1925,161,wam,time_gripper,stable_transport,stable_transport
1925,162,wam,time_gripper,stable_transport,stable_transport
1925,163,wam,time_gripper,stable_transport,placement_release
1925,164,wam,time_gripper,stable_transport,placement_release
1925,165,wam,time_gripper,stable_transport,placement_release
1925,166,wam,time_gripper,stable_transport,placement_release
1925,170,wam,time_gripper,stable_transport,stable_transport
1925,171,wam,time_gripper,stable_transport,stable_transport
1925,172,wam,time_gripper,stable_transport,stable_transport
1925,173,wam,time_gripper,stable_transport,stable_transport
1925,174,wam,time_gripper,stable_transport,stable_transport
1925,175,wam,time_gripper,stable_transport,stable_transport
1925,176,wam,time_gripper,stable_transport,stable_transport
1925,177,wam,time_gripper,stable_transport,stable_transport
16001,26,wam,time_gripper,free_pre,free_pre
16001,27,wam,time_gripper,free_pre,free_pre
16001,28,wam,time_gripper,free_pre,free_pre
16001,29,wam,time_gripper,free_pre,free_pre
16001,30,wam,time_gripper,free_pre,free_pre
16001,31,wam,time_gripper,free_pre,free_pre
16001,50,wam,time_gripper,terminal_approach,free_pre
16001,51,wam,time_gripper,terminal_approach,free_pre
16001,52,wam,time_gripper,terminal_approach,free_pre
16001,53,wam,time_gripper,terminal_approach,free_pre
16001,54,wam,time_gripper,terminal_approach,free_pre
16001,55,wam,time_gripper,terminal_approach,free_pre
16001,56,wam,time_gripper,terminal_approach,free_pre
16001,57,wam,time_gripper,terminal_approach,free_pre
16001,58,wam,time_gripper,terminal_approach,free_pre
16001,59,wam,time_gripper,terminal_approach,free_pre
16001,60,wam,time_gripper,terminal_approach,free_pre
16001,61,wam,time_gripper,terminal_approach,free_pre
16001,87,wam,time_gripper,contact_manipulation,contact_manipulation
16001,88,wam,time_gripper,contact_manipulation,contact_manipulation
16001,89,wam,time_gripper,contact_manipulation,contact_manipulation
16001,90,wam,time_gripper,contact_manipulation,contact_manipulation
16001,91,wam,time_gripper,contact_manipulation,contact_manipulation
16001,92,wam,time_gripper,contact_manipulation,contact_manipulation
16001,93,wam,time_gripper,contact_manipulation,contact_manipulation
16001,94,wam,time_gripper,contact_manipulation,contact_manipulation
16001,98,wam,time_gripper,contact_manipulation,contact_manipulation
16001,99,wam,time_gripper,contact_manipulation,contact_manipulation
16001,100,wam,time_gripper,contact_manipulation,contact_manipulation
16001,101,wam,time_gripper,contact_manipulation,contact_manipulation
16001,102,wam,time_gripper,contact_manipulation,contact_manipulation
16001,103,wam,time_gripper,contact_manipulation,contact_manipulation
16001,104,wam,time_gripper,contact_manipulation,contact_manipulation
16001,105,wam,time_gripper,contact_manipulation,contact_manipulation
16001,106,wam,time_gripper,contact_manipulation,contact_manipulation
16001,107,wam,time_gripper,contact_manipulation,contact_manipulation
16001,108,wam,time_gripper,contact_manipulation,contact_manipulation
16001,109,wam,time_gripper,contact_manipulation,contact_manipulation
16001,110,wam,time_gripper,contact_manipulation,contact_manipulation
16001,111,wam,time_gripper,contact_manipulation,contact_manipulation
16001,112,wam,time_gripper,contact_manipulation,contact_manipulation
16001,113,wam,time_gripper,contact_manipulation,contact_manipulation
16001,114,wam,time_gripper,contact_manipulation,contact_manipulation
16001,115,wam,time_gripper,contact_manipulation,contact_manipulation
16001,116,wam,time_gripper,contact_manipulation,contact_manipulation
16001,117,wam,time_gripper,contact_manipulation,contact_manipulation
16001,118,wam,time_gripper,contact_manipulation,contact_manipulation
16001,122,wam,time_gripper,contact_manipulation,contact_manipulation
16001,123,wam,time_gripper,contact_manipulation,contact_manipulation
16001,124,wam,time_gripper,contact_manipulation,contact_manipulation
16001,125,wam,time_gripper,contact_manipulation,contact_manipulation
16001,126,wam,time_gripper,contact_manipulation,contact_manipulation
16001,127,wam,time_gripper,contact_manipulation,contact_manipulation
16001,128,wam,time_gripper,contact_manipulation,contact_manipulation
16001,129,wam,time_gripper,contact_manipulation,stable_transport
16001,130,wam,time_gripper,contact_manipulation,stable_transport
16001,131,wam,time_gripper,contact_manipulation,placement_release
16001,132,wam,time_gripper,contact_manipulation,stable_transport
16001,133,wam,time_gripper,contact_manipulation,stable_transport
16001,134,wam,time_gripper,contact_manipulation,stable_transport
16001,135,wam,time_gripper,contact_manipulation,stable_transport
16001,136,wam,time_gripper,contact_manipulation,stable_transport
16001,137,wam,time_gripper,contact_manipulation,stable_transport
16001,138,wam,time_gripper,contact_manipulation,stable_transport
16001,139,wam,time_gripper,contact_manipulation,stable_transport
16001,140,wam,time_gripper,contact_manipulation,stable_transport
16001,141,wam,time_gripper,contact_manipulation,stable_transport
16001,142,wam,time_gripper,contact_manipulation,stable_transport
16001,146,wam,time_gripper,contact_manipulation,stable_transport
16001,147,wam,time_gripper,contact_manipulation,stable_transport
16001,163,wam,time_gripper,placement_release,stable_transport
16001,164,wam,time_gripper,placement_release,stable_transport
16001,165,wam,time_gripper,placement_release,stable_transport
16001,166,wam,time_gripper,placement_release,stable_transport
16001,170,wam,time_gripper,placement_release,stable_transport
16001,171,wam,time_gripper,placement_release,stable_transport
16001,172,wam,time_gripper,placement_release,stable_transport
16001,173,wam,time_gripper,placement_release,stable_transport
16001,174,wam,time_gripper,placement_release,stable_transport
16001,175,wam,time_gripper,placement_release,stable_transport
16001,176,wam,time_gripper,placement_release,stable_transport
16001,177,wam,time_gripper,placement_release,stable_transport
16001,178,wam,time_gripper,placement_release,stable_transport
16001,179,wam,time_gripper,placement_release,stable_transport
16001,189,wam,time_gripper,placement_release,stable_transport
16001,190,wam,time_gripper,placement_release,stable_transport
50458,26,wam,time_gripper,free_pre,free_pre
50458,27,wam,time_gripper,free_pre,free_pre
50458,28,wam,time_gripper,free_pre,free_pre
50458,29,wam,time_gripper,free_pre,free_pre
50458,30,wam,time_gripper,free_pre,free_pre
50458,31,wam,time_gripper,free_pre,free_pre
50458,32,wam,time_gripper,free_pre,free_pre
50458,33,wam,time_gripper,free_pre,free_pre
50458,34,wam,time_gripper,free_pre,free_pre
50458,35,wam,time_gripper,free_pre,free_pre
50458,53,wam,time_gripper,terminal_approach,terminal_approach
50458,54,wam,time_gripper,terminal_approach,terminal_approach
50458,55,wam,time_gripper,terminal_approach,terminal_approach
50458,56,wam,time_gripper,terminal_approach,terminal_approach
50458,57,wam,time_gripper,terminal_approach,terminal_approach
50458,58,wam,time_gripper,terminal_approach,terminal_approach
50458,59,wam,time_gripper,terminal_approach,terminal_approach
50458,60,wam,time_gripper,terminal_approach,terminal_approach
50458,61,wam,time_gripper,terminal_approach,terminal_approach
50458,62,wam,time_gripper,terminal_approach,terminal_approach
50458,63,wam,time_gripper,terminal_approach,terminal_approach
50458,75,wam,time_gripper,contact_manipulation,terminal_approach
50458,76,wam,time_gripper,contact_manipulation,terminal_approach
50458,77,wam,time_gripper,contact_manipulation,terminal_approach
50458,78,wam,time_gripper,contact_manipulation,terminal_approach
50458,79,wam,time_gripper,contact_manipulation,terminal_approach
50458,80,wam,time_gripper,contact_manipulation,terminal_approach
50458,81,wam,time_gripper,contact_manipulation,terminal_approach
50458,82,wam,time_gripper,contact_manipulation,contact_manipulation
50458,83,wam,time_gripper,contact_manipulation,contact_manipulation
50458,84,wam,time_gripper,contact_manipulation,contact_manipulation
50458,85,wam,time_gripper,contact_manipulation,contact_manipulation
50458,86,wam,time_gripper,contact_manipulation,contact_manipulation
50458,87,wam,time_gripper,contact_manipulation,contact_manipulation
50458,88,wam,time_gripper,contact_manipulation,contact_manipulation
50458,89,wam,time_gripper,contact_manipulation,contact_manipulation
50458,90,wam,time_gripper,contact_manipulation,contact_manipulation
50458,91,wam,time_gripper,contact_manipulation,contact_manipulation
50458,92,wam,time_gripper,contact_manipulation,contact_manipulation
50458,93,wam,time_gripper,contact_manipulation,contact_manipulation
50458,94,wam,time_gripper,contact_manipulation,contact_manipulation
50458,98,wam,time_gripper,contact_manipulation,contact_manipulation
50458,99,wam,time_gripper,contact_manipulation,contact_manipulation
50458,100,wam,time_gripper,contact_manipulation,stable_transport
50458,101,wam,time_gripper,contact_manipulation,stable_transport
50458,102,wam,time_gripper,contact_manipulation,stable_transport
50458,103,wam,time_gripper,contact_manipulation,stable_transport
50458,104,wam,time_gripper,contact_manipulation,stable_transport
50458,105,wam,time_gripper,contact_manipulation,stable_transport
50458,115,wam,time_gripper,contact_manipulation,stable_transport
50458,116,wam,time_gripper,contact_manipulation,stable_transport
50458,117,wam,time_gripper,contact_manipulation,stable_transport
50458,118,wam,time_gripper,contact_manipulation,stable_transport
50458,129,wam,time_gripper,stable_transport,stable_transport
50458,130,wam,time_gripper,stable_transport,stable_transport
50458,131,wam,time_gripper,stable_transport,stable_transport
50458,132,wam,time_gripper,stable_transport,stable_transport
50458,133,wam,time_gripper,stable_transport,stable_transport
50458,134,wam,time_gripper,stable_transport,stable_transport
50458,135,wam,time_gripper,stable_transport,stable_transport
50458,136,wam,time_gripper,stable_transport,stable_transport
50458,137,wam,time_gripper,stable_transport,stable_transport
50458,138,wam,time_gripper,stable_transport,stable_transport
50458,139,wam,time_gripper,stable_transport,stable_transport
50458,140,wam,time_gripper,stable_transport,stable_transport
50458,141,wam,time_gripper,stable_transport,stable_transport
50458,142,wam,time_gripper,stable_transport,stable_transport
50458,146,wam,time_gripper,stable_transport,stable_transport
50458,147,wam,time_gripper,stable_transport,stable_transport
50458,148,wam,time_gripper,stable_transport,stable_transport
50458,149,wam,time_gripper,stable_transport,stable_transport
50458,150,wam,time_gripper,stable_transport,stable_transport
50458,151,wam,time_gripper,stable_transport,stable_transport
50458,152,wam,time_gripper,stable_transport,stable_transport
50458,153,wam,time_gripper,stable_transport,stable_transport
50458,154,wam,time_gripper,stable_transport,stable_transport
50458,155,wam,time_gripper,stable_transport,stable_transport
50458,156,wam,time_gripper,stable_transport,stable_transport
50458,157,wam,time_gripper,stable_transport,stable_transport
50458,158,wam,time_gripper,stable_transport,stable_transport
50458,159,wam,time_gripper,stable_transport,stable_transport
50458,160,wam,time_gripper,stable_transport,stable_transport
50458,161,wam,time_gripper,stable_transport,stable_transport
50458,162,wam,time_gripper,stable_transport,stable_transport
50458,163,wam,time_gripper,stable_transport,stable_transport
50458,164,wam,time_gripper,stable_transport,stable_transport
50458,165,wam,time_gripper,stable_transport,stable_transport
50458,166,wam,time_gripper,stable_transport,stable_transport
50458,170,wam,time_gripper,stable_transport,stable_transport
50458,171,wam,time_gripper,stable_transport,stable_transport
50458,181,wam,time_gripper,placement_release,stable_transport
